Observation_Level,Operational_Seasonal_Composite,Quadrat_ID,Mining_Type,Acquisition_Date,Acquisition_UTC,Acquisition_IST,Item_ID,Tile_MGRS,Relative_Orbit,Platform,Scene_Cloud_Cover_Pct,Season_IMD,Season_Operational,Spatial_Zone,Zone_Description,Theoretical_Denominator_Pixels,Extracted_Pixels,Valid_Terrestrial_Pixels,Terrestrial_Validity_Pct,SCL_4_Vegetation_Pixels,SCL_5_Soil_Pixels,SCL_2_DarkShadow_Pixels,SCL_7_Unclassified_Pixels,SCL_Other_Pixels,NDVI,EVI,NDRE,SWIR_Ratio
Date-Level Extraction,Pre-monsoon Summer Composite,UG-Q1,Underground,2024-03-25,2024-03-25T05:12:42.276000Z,2024-03-25 10:42:42,S2A_44QPK_20240325_0_L2A,44QPK,R019,sentinel-2a,3.74,Summer (Pre-monsoon),Pre-monsoon Summer (Acquisition 1),Zone_A_10m,"10x10 m (1 pixel, quadrat support)",1,1,1,100.0,0,1,0,0,0,0.3371,0.2086,0.0808,1.2771
Date-Level Extraction,Pre-monsoon Summer Composite,UG-Q1,Underground,2024-03-25,2024-03-25T05:12:42.276000Z,2024-03-25 10:42:42,S2A_44QPK_20240325_0_L2A,44QPK,R019,sentinel-2a,3.74,Summer (Pre-monsoon),Pre-monsoon Summer (Acquisition 1),Zone_B_50m,"50x50 m (5x5 window, 25 pixels)",25,25,25,100.0,0,25,0,0,0,0.2596,0.1661,0.1084,1.2694
Date-Level Extraction,Pre-monsoon Summer Composite,UG-Q1,Underground,2024-03-25,2024-03-25T05:12:42.276000Z,2024-03-25 10:42:42,S2A_44QPK_20240325_0_L2A,44QPK,R019,sentinel-2a,3.74,Summer (Pre-monsoon),Pre-monsoon Summer (Acquisition 1),Zone_C_50m,50 m radius circle (81 pixels),81,81,81,100.0,0,81,0,0,0,0.2408,0.1567,0.1259,1.2536
Date-Level Extraction,Pre-monsoon Summer Composite,UG-Q1,Underground,2024-03-25,2024-03-25T05:12:42.276000Z,2024-03-25 10:42:42,S2A_44QPK_20240325_0_L2A,44QPK,R019,sentinel-2a,3.74,Summer (Pre-monsoon),Pre-monsoon Summer (Acquisition 1),Zone_D_100m,100 m radius circle (317 pixels),317,317,317,100.0,0,317,0,0,0,0.2558,0.1627,0.1332,1.2664
Date-Level Extraction,Pre-monsoon Summer Composite,UG-Q2,Underground,2024-03-25,2024-03-25T05:12:42.276000Z,2024-03-25 10:42:42,S2A_44QPK_20240325_0_L2A,44QPK,R019,sentinel-2a,3.74,Summer (Pre-monsoon),Pre-monsoon Summer (Acquisition 1),Zone_A_10m,"10x10 m (1 pixel, quadrat support)",1,1,1,100.0,0,1,0,0,0,0.4533,0.2674,0.1961,1.3954
Date-Level Extraction,Pre-monsoon Summer Composite,UG-Q2,Underground,2024-03-25,2024-03-25T05:12:42.276000Z,2024-03-25 10:42:42,S2A_44QPK_20240325_0_L2A,44QPK,R019,sentinel-2a,3.74,Summer (Pre-monsoon),Pre-monsoon Summer (Acquisition 1),Zone_B_50m,"50x50 m (5x5 window, 25 pixels)",25,25,25,100.0,0,25,0,0,0,0.348,0.2139,0.183,1.3649
Date-Level Extraction,Pre-monsoon Summer Composite,UG-Q2,Underground,2024-03-25,2024-03-25T05:12:42.276000Z,2024-03-25 10:42:42,S2A_44QPK_20240325_0_L2A,44QPK,R019,sentinel-2a,3.74,Summer (Pre-monsoon),Pre-monsoon Summer (Acquisition 1),Zone_C_50m,50 m radius circle (81 pixels),81,81,81,100.0,0,81,0,0,0,0.2979,0.1873,0.1623,1.3324
Date-Level Extraction,Pre-monsoon Summer Composite,UG-Q2,Underground,2024-03-25,2024-03-25T05:12:42.276000Z,2024-03-25 10:42:42,S2A_44QPK_20240325_0_L2A,44QPK,R019,sentinel-2a,3.74,Summer (Pre-monsoon),Pre-monsoon Summer (Acquisition 1),Zone_D_100m,100 m radius circle (317 pixels),317,317,317,100.0,0,317,0,0,0,0.2732,0.1763,0.1496,1.3043
Date-Level Extraction,Pre-monsoon Summer Composite,UG-Q3,Underground,2024-03-25,2024-03-25T05:12:42.276000Z,2024-03-25 10:42:42,S2A_44QPK_20240325_0_L2A,44QPK,R019,sentinel-2a,3.74,Summer (Pre-monsoon),Pre-monsoon Summer (Acquisition 1),Zone_A_10m,"10x10 m (1 pixel, quadrat support)",1,1,1,100.0,0,1,0,0,0,0.3941,0.193,0.1977,1.4126
Date-Level Extraction,Pre-monsoon Summer Composite,UG-Q3,Underground,2024-03-25,2024-03-25T05:12:42.276000Z,2024-03-25 10:42:42,S2A_44QPK_20240325_0_L2A,44QPK,R019,sentinel-2a,3.74,Summer (Pre-monsoon),Pre-monsoon Summer (Acquisition 1),Zone_B_50m,"50x50 m (5x5 window, 25 pixels)",25,25,25,100.0,0,25,0,0,0,0.2372,0.1357,0.1387,1.3967
Date-Level Extraction,Pre-monsoon Summer Composite,UG-Q3,Underground,2024-03-25,2024-03-25T05:12:42.276000Z,2024-03-25 10:42:42,S2A_44QPK_20240325_0_L2A,44QPK,R019,sentinel-2a,3.74,Summer (Pre-monsoon),Pre-monsoon Summer (Acquisition 1),Zone_C_50m,50 m radius circle (81 pixels),81,81,81,100.0,0,81,0,0,0,0.1673,0.1064,0.0737,1.3821
Date-Level Extraction,Pre-monsoon Summer Composite,UG-Q3,Underground,2024-03-25,2024-03-25T05:12:42.276000Z,2024-03-25 10:42:42,S2A_44QPK_20240325_0_L2A,44QPK,R019,sentinel-2a,3.74,Summer (Pre-monsoon),Pre-monsoon Summer (Acquisition 1),Zone_D_100m,100 m radius circle (317 pixels),317,317,317,100.0,0,317,0,0,0,0.2089,0.1303,0.0898,1.3712
Date-Level Extraction,Pre-monsoon Summer Composite,UG-Q4,Underground,2024-03-25,2024-03-25T05:12:42.276000Z,2024-03-25 10:42:42,S2A_44QPK_20240325_0_L2A,44QPK,R019,sentinel-2a,3.74,Summer (Pre-monsoon),Pre-monsoon Summer (Acquisition 1),Zone_A_10m,"10x10 m (1 pixel, quadrat support)",1,1,1,100.0,0,1,0,0,0,0.4631,0.3189,0.2905,1.4408
Date-Level Extraction,Pre-monsoon Summer Composite,UG-Q4,Underground,2024-03-25,2024-03-25T05:12:42.276000Z,2024-03-25 10:42:42,S2A_44QPK_20240325_0_L2A,44QPK,R019,sentinel-2a,3.74,Summer (Pre-monsoon),Pre-monsoon Summer (Acquisition 1),Zone_B_50m,"50x50 m (5x5 window, 25 pixels)",25,25,25,100.0,0,25,0,0,0,0.4355,0.2801,0.2665,1.434
Date-Level Extraction,Pre-monsoon Summer Composite,UG-Q4,Underground,2024-03-25,2024-03-25T05:12:42.276000Z,2024-03-25 10:42:42,S2A_44QPK_20240325_0_L2A,44QPK,R019,sentinel-2a,3.74,Summer (Pre-monsoon),Pre-monsoon Summer (Acquisition 1),Zone_C_50m,50 m radius circle (81 pixels),81,81,81,100.0,0,81,0,0,0,0.4461,0.2844,0.2723,1.4523
Date-Level Extraction,Pre-monsoon Summer Composite,UG-Q4,Underground,2024-03-25,2024-03-25T05:12:42.276000Z,2024-03-25 10:42:42,S2A_44QPK_20240325_0_L2A,44QPK,R019,sentinel-2a,3.74,Summer (Pre-monsoon),Pre-monsoon Summer (Acquisition 1),Zone_D_100m,100 m radius circle (317 pixels),317,317,317,100.0,0,317,0,0,0,0.3748,0.2373,0.2268,1.3518
Date-Level Extraction,Pre-monsoon Summer Composite,UG-Q5,Underground,2024-03-25,2024-03-25T05:12:42.276000Z,2024-03-25 10:42:42,S2A_44QPK_20240325_0_L2A,44QPK,R019,sentinel-2a,3.74,Summer (Pre-monsoon),Pre-monsoon Summer (Acquisition 1),Zone_A_10m,"10x10 m (1 pixel, quadrat support)",1,1,1,100.0,0,1,0,0,0,0.224,0.1256,0.1229,1.2182
Date-Level Extraction,Pre-monsoon Summer Composite,UG-Q5,Underground,2024-03-25,2024-03-25T05:12:42.276000Z,2024-03-25 10:42:42,S2A_44QPK_20240325_0_L2A,44QPK,R019,sentinel-2a,3.74,Summer (Pre-monsoon),Pre-monsoon Summer (Acquisition 1),Zone_B_50m,"50x50 m (5x5 window, 25 pixels)",25,25,25,100.0,0,25,0,0,0,0.2465,0.1403,0.1173,1.2549
Date-Level Extraction,Pre-monsoon Summer Composite,UG-Q5,Underground,2024-03-25,2024-03-25T05:12:42.276000Z,2024-03-25 10:42:42,S2A_44QPK_20240325_0_L2A,44QPK,R019,sentinel-2a,3.74,Summer (Pre-monsoon),Pre-monsoon Summer (Acquisition 1),Zone_C_50m,50 m radius circle (81 pixels),81,81,81,100.0,0,81,0,0,0,0.2559,0.1471,0.1221,1.2795
Date-Level Extraction,Pre-monsoon Summer Composite,UG-Q5,Underground,2024-03-25,2024-03-25T05:12:42.276000Z,2024-03-25 10:42:42,S2A_44QPK_20240325_0_L2A,44QPK,R019,sentinel-2a,3.74,Summer (Pre-monsoon),Pre-monsoon Summer (Acquisition 1),Zone_D_100m,100 m radius circle (317 pixels),317,317,317,100.0,0,317,0,0,0,0.2663,0.1559,0.1309,1.3011
Date-Level Extraction,Pre-monsoon Summer Composite,OC-Q1,Opencast,2024-03-25,2024-03-25T05:12:42.276000Z,2024-03-25 10:42:42,S2A_44QPK_20240325_0_L2A,44QPK,R019,sentinel-2a,3.74,Summer (Pre-monsoon),Pre-monsoon Summer (Acquisition 1),Zone_A_10m,"10x10 m (1 pixel, quadrat support)",1,1,1,100.0,0,1,0,0,0,0.4339,0.1932,0.2408,1.4984
Date-Level Extraction,Pre-monsoon Summer Composite,OC-Q1,Opencast,2024-03-25,2024-03-25T05:12:42.276000Z,2024-03-25 10:42:42,S2A_44QPK_20240325_0_L2A,44QPK,R019,sentinel-2a,3.74,Summer (Pre-monsoon),Pre-monsoon Summer (Acquisition 1),Zone_B_50m,"50x50 m (5x5 window, 25 pixels)",25,25,23,92.0,0,23,0,2,0,0.435,0.2017,0.2695,1.4698
Date-Level Extraction,Pre-monsoon Summer Composite,OC-Q1,Opencast,2024-03-25,2024-03-25T05:12:42.276000Z,2024-03-25 10:42:42,S2A_44QPK_20240325_0_L2A,44QPK,R019,sentinel-2a,3.74,Summer (Pre-monsoon),Pre-monsoon Summer (Acquisition 1),Zone_C_50m,50 m radius circle (81 pixels),81,81,71,87.65,0,71,0,10,0,0.4218,0.1987,0.2585,1.4375
Date-Level Extraction,Pre-monsoon Summer Composite,OC-Q1,Opencast,2024-03-25,2024-03-25T05:12:42.276000Z,2024-03-25 10:42:42,S2A_44QPK_20240325_0_L2A,44QPK,R019,sentinel-2a,3.74,Summer (Pre-monsoon),Pre-monsoon Summer (Acquisition 1),Zone_D_100m,100 m radius circle (317 pixels),317,317,287,90.54,0,287,0,30,0,0.3774,0.1784,0.2238,1.363
Date-Level Extraction,Pre-monsoon Summer Composite,OC-Q2,Opencast,2024-03-25,2024-03-25T05:12:42.276000Z,2024-03-25 10:42:42,S2A_44QPK_20240325_0_L2A,44QPK,R019,sentinel-2a,3.74,Summer (Pre-monsoon),Pre-monsoon Summer (Acquisition 1),Zone_A_10m,"10x10 m (1 pixel, quadrat support)",1,1,1,100.0,0,1,0,0,0,0.2477,0.1393,0.1798,1.2021
Date-Level Extraction,Pre-monsoon Summer Composite,OC-Q2,Opencast,2024-03-25,2024-03-25T05:12:42.276000Z,2024-03-25 10:42:42,S2A_44QPK_20240325_0_L2A,44QPK,R019,sentinel-2a,3.74,Summer (Pre-monsoon),Pre-monsoon Summer (Acquisition 1),Zone_B_50m,"50x50 m (5x5 window, 25 pixels)",25,25,25,100.0,0,25,0,0,0,0.2903,0.1623,0.1622,1.2143
Date-Level Extraction,Pre-monsoon Summer Composite,OC-Q2,Opencast,2024-03-25,2024-03-25T05:12:42.276000Z,2024-03-25 10:42:42,S2A_44QPK_20240325_0_L2A,44QPK,R019,sentinel-2a,3.74,Summer (Pre-monsoon),Pre-monsoon Summer (Acquisition 1),Zone_C_50m,50 m radius circle (81 pixels),81,81,81,100.0,0,81,0,0,0,0.3067,0.1677,0.1707,1.2421
Date-Level Extraction,Pre-monsoon Summer Composite,OC-Q2,Opencast,2024-03-25,2024-03-25T05:12:42.276000Z,2024-03-25 10:42:42,S2A_44QPK_20240325_0_L2A,44QPK,R019,sentinel-2a,3.74,Summer (Pre-monsoon),Pre-monsoon Summer (Acquisition 1),Zone_D_100m,100 m radius circle (317 pixels),317,317,317,100.0,0,317,0,0,0,0.2915,0.1549,0.1624,1.2579
Date-Level Extraction,Pre-monsoon Summer Composite,OC-Q3,Opencast,2024-03-25,2024-03-25T05:12:42.276000Z,2024-03-25 10:42:42,S2A_44QPK_20240325_0_L2A,44QPK,R019,sentinel-2a,3.74,Summer (Pre-monsoon),Pre-monsoon Summer (Acquisition 1),Zone_A_10m,"10x10 m (1 pixel, quadrat support)",1,1,1,100.0,0,1,0,0,0,0.2173,0.1235,0.1014,1.2302
Date-Level Extraction,Pre-monsoon Summer Composite,OC-Q3,Opencast,2024-03-25,2024-03-25T05:12:42.276000Z,2024-03-25 10:42:42,S2A_44QPK_20240325_0_L2A,44QPK,R019,sentinel-2a,3.74,Summer (Pre-monsoon),Pre-monsoon Summer (Acquisition 1),Zone_B_50m,"50x50 m (5x5 window, 25 pixels)",25,25,25,100.0,0,25,0,0,0,0.2361,0.1355,0.1272,1.2574
Date-Level Extraction,Pre-monsoon Summer Composite,OC-Q3,Opencast,2024-03-25,2024-03-25T05:12:42.276000Z,2024-03-25 10:42:42,S2A_44QPK_20240325_0_L2A,44QPK,R019,sentinel-2a,3.74,Summer (Pre-monsoon),Pre-monsoon Summer (Acquisition 1),Zone_C_50m,50 m radius circle (81 pixels),81,81,81,100.0,0,81,0,0,0,0.2572,0.1479,0.1474,1.2828
Date-Level Extraction,Pre-monsoon Summer Composite,OC-Q3,Opencast,2024-03-25,2024-03-25T05:12:42.276000Z,2024-03-25 10:42:42,S2A_44QPK_20240325_0_L2A,44QPK,R019,sentinel-2a,3.74,Summer (Pre-monsoon),Pre-monsoon Summer (Acquisition 1),Zone_D_100m,100 m radius circle (317 pixels),317,317,317,100.0,0,317,0,0,0,0.2756,0.1579,0.1545,1.3085
Date-Level Extraction,Pre-monsoon Summer Composite,OC-Q4,Opencast,2024-03-25,2024-03-25T05:12:42.276000Z,2024-03-25 10:42:42,S2A_44QPK_20240325_0_L2A,44QPK,R019,sentinel-2a,3.74,Summer (Pre-monsoon),Pre-monsoon Summer (Acquisition 1),Zone_A_10m,"10x10 m (1 pixel, quadrat support)",1,1,1,100.0,0,1,0,0,0,0.3723,0.2023,0.2145,1.394
Date-Level Extraction,Pre-monsoon Summer Composite,OC-Q4,Opencast,2024-03-25,2024-03-25T05:12:42.276000Z,2024-03-25 10:42:42,S2A_44QPK_20240325_0_L2A,44QPK,R019,sentinel-2a,3.74,Summer (Pre-monsoon),Pre-monsoon Summer (Acquisition 1),Zone_B_50m,"50x50 m (5x5 window, 25 pixels)",25,25,25,100.0,0,25,0,0,0,0.3426,0.1776,0.1856,1.3661
Date-Level Extraction,Pre-monsoon Summer Composite,OC-Q4,Opencast,2024-03-25,2024-03-25T05:12:42.276000Z,2024-03-25 10:42:42,S2A_44QPK_20240325_0_L2A,44QPK,R019,sentinel-2a,3.74,Summer (Pre-monsoon),Pre-monsoon Summer (Acquisition 1),Zone_C_50m,50 m radius circle (81 pixels),81,81,81,100.0,0,81,0,0,0,0.3046,0.1589,0.1648,1.3302
Date-Level Extraction,Pre-monsoon Summer Composite,OC-Q4,Opencast,2024-03-25,2024-03-25T05:12:42.276000Z,2024-03-25 10:42:42,S2A_44QPK_20240325_0_L2A,44QPK,R019,sentinel-2a,3.74,Summer (Pre-monsoon),Pre-monsoon Summer (Acquisition 1),Zone_D_100m,100 m radius circle (317 pixels),317,317,317,100.0,0,317,0,0,0,0.2769,0.1461,0.1488,1.3014
Date-Level Extraction,Pre-monsoon Summer Composite,OC-Q5,Opencast,2024-03-25,2024-03-25T05:12:42.276000Z,2024-03-25 10:42:42,S2A_44QPK_20240325_0_L2A,44QPK,R019,sentinel-2a,3.74,Summer (Pre-monsoon),Pre-monsoon Summer (Acquisition 1),Zone_A_10m,"10x10 m (1 pixel, quadrat support)",1,1,1,100.0,0,1,0,0,0,0.2571,0.1381,0.1179,1.3466
Date-Level Extraction,Pre-monsoon Summer Composite,OC-Q5,Opencast,2024-03-25,2024-03-25T05:12:42.276000Z,2024-03-25 10:42:42,S2A_44QPK_20240325_0_L2A,44QPK,R019,sentinel-2a,3.74,Summer (Pre-monsoon),Pre-monsoon Summer (Acquisition 1),Zone_B_50m,"50x50 m (5x5 window, 25 pixels)",25,25,25,100.0,0,25,0,0,0,0.2662,0.1471,0.1382,1.3457
Date-Level Extraction,Pre-monsoon Summer Composite,OC-Q5,Opencast,2024-03-25,2024-03-25T05:12:42.276000Z,2024-03-25 10:42:42,S2A_44QPK_20240325_0_L2A,44QPK,R019,sentinel-2a,3.74,Summer (Pre-monsoon),Pre-monsoon Summer (Acquisition 1),Zone_C_50m,50 m radius circle (81 pixels),81,81,81,100.0,0,81,0,0,0,0.2728,0.1515,0.144,1.335
Date-Level Extraction,Pre-monsoon Summer Composite,OC-Q5,Opencast,2024-03-25,2024-03-25T05:12:42.276000Z,2024-03-25 10:42:42,S2A_44QPK_20240325_0_L2A,44QPK,R019,sentinel-2a,3.74,Summer (Pre-monsoon),Pre-monsoon Summer (Acquisition 1),Zone_D_100m,100 m radius circle (317 pixels),317,317,317,100.0,0,317,0,0,0,0.28,0.1573,0.1449,1.3232
Date-Level Extraction,Pre-monsoon Summer Composite,UG-Q1,Underground,2024-05-14,2024-05-14T05:12:44.259000Z,2024-05-14 10:42:44,S2A_44QPK_20240514_0_L2A,44QPK,R019,sentinel-2a,1.62,Summer (Pre-monsoon),Pre-monsoon Summer (Acquisition 2),Zone_A_10m,"10x10 m (1 pixel, quadrat support)",1,1,1,100.0,0,1,0,0,0,0.2967,0.178,0.059,1.2199
Date-Level Extraction,Pre-monsoon Summer Composite,UG-Q1,Underground,2024-05-14,2024-05-14T05:12:44.259000Z,2024-05-14 10:42:44,S2A_44QPK_20240514_0_L2A,44QPK,R019,sentinel-2a,1.62,Summer (Pre-monsoon),Pre-monsoon Summer (Acquisition 2),Zone_B_50m,"50x50 m (5x5 window, 25 pixels)",25,25,25,100.0,0,25,0,0,0,0.2438,0.1606,0.0981,1.2108
Date-Level Extraction,Pre-monsoon Summer Composite,UG-Q1,Underground,2024-05-14,2024-05-14T05:12:44.259000Z,2024-05-14 10:42:44,S2A_44QPK_20240514_0_L2A,44QPK,R019,sentinel-2a,1.62,Summer (Pre-monsoon),Pre-monsoon Summer (Acquisition 2),Zone_C_50m,50 m radius circle (81 pixels),81,81,81,100.0,0,81,0,0,0,0.2068,0.1371,0.1002,1.2008
Date-Level Extraction,Pre-monsoon Summer Composite,UG-Q1,Underground,2024-05-14,2024-05-14T05:12:44.259000Z,2024-05-14 10:42:44,S2A_44QPK_20240514_0_L2A,44QPK,R019,sentinel-2a,1.62,Summer (Pre-monsoon),Pre-monsoon Summer (Acquisition 2),Zone_D_100m,100 m radius circle (317 pixels),317,317,317,100.0,0,317,0,0,0,0.235,0.1537,0.1179,1.2122
Date-Level Extraction,Pre-monsoon Summer Composite,UG-Q2,Underground,2024-05-14,2024-05-14T05:12:44.259000Z,2024-05-14 10:42:44,S2A_44QPK_20240514_0_L2A,44QPK,R019,sentinel-2a,1.62,Summer (Pre-monsoon),Pre-monsoon Summer (Acquisition 2),Zone_A_10m,"10x10 m (1 pixel, quadrat support)",1,1,1,100.0,0,1,0,0,0,0.3105,0.1767,0.1521,1.2865
Date-Level Extraction,Pre-monsoon Summer Composite,UG-Q2,Underground,2024-05-14,2024-05-14T05:12:44.259000Z,2024-05-14 10:42:44,S2A_44QPK_20240514_0_L2A,44QPK,R019,sentinel-2a,1.62,Summer (Pre-monsoon),Pre-monsoon Summer (Acquisition 2),Zone_B_50m,"50x50 m (5x5 window, 25 pixels)",25,25,25,100.0,0,25,0,0,0,0.2799,0.1718,0.1388,1.2438
Date-Level Extraction,Pre-monsoon Summer Composite,UG-Q2,Underground,2024-05-14,2024-05-14T05:12:44.259000Z,2024-05-14 10:42:44,S2A_44QPK_20240514_0_L2A,44QPK,R019,sentinel-2a,1.62,Summer (Pre-monsoon),Pre-monsoon Summer (Acquisition 2),Zone_C_50m,50 m radius circle (81 pixels),81,81,81,100.0,0,81,0,0,0,0.2453,0.1563,0.1218,1.2118
Date-Level Extraction,Pre-monsoon Summer Composite,UG-Q2,Underground,2024-05-14,2024-05-14T05:12:44.259000Z,2024-05-14 10:42:44,S2A_44QPK_20240514_0_L2A,44QPK,R019,sentinel-2a,1.62,Summer (Pre-monsoon),Pre-monsoon Summer (Acquisition 2),Zone_D_100m,100 m radius circle (317 pixels),317,317,317,100.0,0,317,0,0,0,0.2263,0.1489,0.1175,1.2166
Date-Level Extraction,Pre-monsoon Summer Composite,UG-Q3,Underground,2024-05-14,2024-05-14T05:12:44.259000Z,2024-05-14 10:42:44,S2A_44QPK_20240514_0_L2A,44QPK,R019,sentinel-2a,1.62,Summer (Pre-monsoon),Pre-monsoon Summer (Acquisition 2),Zone_A_10m,"10x10 m (1 pixel, quadrat support)",1,1,1,100.0,0,1,0,0,0,0.5613,0.3264,0.3242,1.3431
Date-Level Extraction,Pre-monsoon Summer Composite,UG-Q3,Underground,2024-05-14,2024-05-14T05:12:44.259000Z,2024-05-14 10:42:44,S2A_44QPK_20240514_0_L2A,44QPK,R019,sentinel-2a,1.62,Summer (Pre-monsoon),Pre-monsoon Summer (Acquisition 2),Zone_B_50m,"50x50 m (5x5 window, 25 pixels)",25,25,25,100.0,0,25,0,0,0,0.3106,0.1889,0.1706,1.354
Date-Level Extraction,Pre-monsoon Summer Composite,UG-Q3,Underground,2024-05-14,2024-05-14T05:12:44.259000Z,2024-05-14 10:42:44,S2A_44QPK_20240514_0_L2A,44QPK,R019,sentinel-2a,1.62,Summer (Pre-monsoon),Pre-monsoon Summer (Acquisition 2),Zone_C_50m,50 m radius circle (81 pixels),81,81,81,100.0,0,81,0,0,0,0.2241,0.142,0.0955,1.3289
Date-Level Extraction,Pre-monsoon Summer Composite,UG-Q3,Underground,2024-05-14,2024-05-14T05:12:44.259000Z,2024-05-14 10:42:44,S2A_44QPK_20240514_0_L2A,44QPK,R019,sentinel-2a,1.62,Summer (Pre-monsoon),Pre-monsoon Summer (Acquisition 2),Zone_D_100m,100 m radius circle (317 pixels),317,317,316,99.68,0,316,0,1,0,0.2333,0.1474,0.1112,1.2781
Date-Level Extraction,Pre-monsoon Summer Composite,UG-Q4,Underground,2024-05-14,2024-05-14T05:12:44.259000Z,2024-05-14 10:42:44,S2A_44QPK_20240514_0_L2A,44QPK,R019,sentinel-2a,1.62,Summer (Pre-monsoon),Pre-monsoon Summer (Acquisition 2),Zone_A_10m,"10x10 m (1 pixel, quadrat support)",1,1,1,100.0,0,1,0,0,0,0.4681,0.2935,0.2647,1.3683
Date-Level Extraction,Pre-monsoon Summer Composite,UG-Q4,Underground,2024-05-14,2024-05-14T05:12:44.259000Z,2024-05-14 10:42:44,S2A_44QPK_20240514_0_L2A,44QPK,R019,sentinel-2a,1.62,Summer (Pre-monsoon),Pre-monsoon Summer (Acquisition 2),Zone_B_50m,"50x50 m (5x5 window, 25 pixels)",25,25,25,100.0,0,25,0,0,0,0.4336,0.2684,0.2503,1.3533
Date-Level Extraction,Pre-monsoon Summer Composite,UG-Q4,Underground,2024-05-14,2024-05-14T05:12:44.259000Z,2024-05-14 10:42:44,S2A_44QPK_20240514_0_L2A,44QPK,R019,sentinel-2a,1.62,Summer (Pre-monsoon),Pre-monsoon Summer (Acquisition 2),Zone_C_50m,50 m radius circle (81 pixels),81,81,81,100.0,0,81,0,0,0,0.4451,0.2654,0.2575,1.3547
Date-Level Extraction,Pre-monsoon Summer Composite,UG-Q4,Underground,2024-05-14,2024-05-14T05:12:44.259000Z,2024-05-14 10:42:44,S2A_44QPK_20240514_0_L2A,44QPK,R019,sentinel-2a,1.62,Summer (Pre-monsoon),Pre-monsoon Summer (Acquisition 2),Zone_D_100m,100 m radius circle (317 pixels),317,317,317,100.0,0,317,0,0,0,0.3639,0.221,0.2122,1.2789
Date-Level Extraction,Pre-monsoon Summer Composite,UG-Q5,Underground,2024-05-14,2024-05-14T05:12:44.259000Z,2024-05-14 10:42:44,S2A_44QPK_20240514_0_L2A,44QPK,R019,sentinel-2a,1.62,Summer (Pre-monsoon),Pre-monsoon Summer (Acquisition 2),Zone_A_10m,"10x10 m (1 pixel, quadrat support)",1,1,1,100.0,0,1,0,0,0,0.3055,0.1722,0.1373,1.1866
Date-Level Extraction,Pre-monsoon Summer Composite,UG-Q5,Underground,2024-05-14,2024-05-14T05:12:44.259000Z,2024-05-14 10:42:44,S2A_44QPK_20240514_0_L2A,44QPK,R019,sentinel-2a,1.62,Summer (Pre-monsoon),Pre-monsoon Summer (Acquisition 2),Zone_B_50m,"50x50 m (5x5 window, 25 pixels)",25,25,25,100.0,0,25,0,0,0,0.2524,0.1378,0.1217,1.2147
Date-Level Extraction,Pre-monsoon Summer Composite,UG-Q5,Underground,2024-05-14,2024-05-14T05:12:44.259000Z,2024-05-14 10:42:44,S2A_44QPK_20240514_0_L2A,44QPK,R019,sentinel-2a,1.62,Summer (Pre-monsoon),Pre-monsoon Summer (Acquisition 2),Zone_C_50m,50 m radius circle (81 pixels),81,81,81,100.0,0,81,0,0,0,0.2632,0.1446,0.1267,1.2295
Date-Level Extraction,Pre-monsoon Summer Composite,UG-Q5,Underground,2024-05-14,2024-05-14T05:12:44.259000Z,2024-05-14 10:42:44,S2A_44QPK_20240514_0_L2A,44QPK,R019,sentinel-2a,1.62,Summer (Pre-monsoon),Pre-monsoon Summer (Acquisition 2),Zone_D_100m,100 m radius circle (317 pixels),317,317,317,100.0,0,317,0,0,0,0.2704,0.1532,0.1368,1.2409
Date-Level Extraction,Pre-monsoon Summer Composite,OC-Q1,Opencast,2024-05-14,2024-05-14T05:12:44.259000Z,2024-05-14 10:42:44,S2A_44QPK_20240514_0_L2A,44QPK,R019,sentinel-2a,1.62,Summer (Pre-monsoon),Pre-monsoon Summer (Acquisition 2),Zone_A_10m,"10x10 m (1 pixel, quadrat support)",1,1,1,100.0,0,1,0,0,0,0.4813,0.2123,0.2631,1.3785
Date-Level Extraction,Pre-monsoon Summer Composite,OC-Q1,Opencast,2024-05-14,2024-05-14T05:12:44.259000Z,2024-05-14 10:42:44,S2A_44QPK_20240514_0_L2A,44QPK,R019,sentinel-2a,1.62,Summer (Pre-monsoon),Pre-monsoon Summer (Acquisition 2),Zone_B_50m,"50x50 m (5x5 window, 25 pixels)",25,25,23,92.0,0,23,2,0,0,0.4581,0.2063,0.2713,1.3776
Date-Level Extraction,Pre-monsoon Summer Composite,OC-Q1,Opencast,2024-05-14,2024-05-14T05:12:44.259000Z,2024-05-14 10:42:44,S2A_44QPK_20240514_0_L2A,44QPK,R019,sentinel-2a,1.62,Summer (Pre-monsoon),Pre-monsoon Summer (Acquisition 2),Zone_C_50m,50 m radius circle (81 pixels),81,81,67,82.72,0,67,14,0,0,0.4451,0.2045,0.2636,1.3573
Date-Level Extraction,Pre-monsoon Summer Composite,OC-Q1,Opencast,2024-05-14,2024-05-14T05:12:44.259000Z,2024-05-14 10:42:44,S2A_44QPK_20240514_0_L2A,44QPK,R019,sentinel-2a,1.62,Summer (Pre-monsoon),Pre-monsoon Summer (Acquisition 2),Zone_D_100m,100 m radius circle (317 pixels),317,317,236,74.45,0,236,52,29,0,0.4115,0.1931,0.2441,1.318
Date-Level Extraction,Pre-monsoon Summer Composite,OC-Q2,Opencast,2024-05-14,2024-05-14T05:12:44.259000Z,2024-05-14 10:42:44,S2A_44QPK_20240514_0_L2A,44QPK,R019,sentinel-2a,1.62,Summer (Pre-monsoon),Pre-monsoon Summer (Acquisition 2),Zone_A_10m,"10x10 m (1 pixel, quadrat support)",1,1,1,100.0,0,1,0,0,0,0.2294,0.1254,0.1466,1.1524
Date-Level Extraction,Pre-monsoon Summer Composite,OC-Q2,Opencast,2024-05-14,2024-05-14T05:12:44.259000Z,2024-05-14 10:42:44,S2A_44QPK_20240514_0_L2A,44QPK,R019,sentinel-2a,1.62,Summer (Pre-monsoon),Pre-monsoon Summer (Acquisition 2),Zone_B_50m,"50x50 m (5x5 window, 25 pixels)",25,25,25,100.0,0,25,0,0,0,0.2686,0.1506,0.157,1.1639
Date-Level Extraction,Pre-monsoon Summer Composite,OC-Q2,Opencast,2024-05-14,2024-05-14T05:12:44.259000Z,2024-05-14 10:42:44,S2A_44QPK_20240514_0_L2A,44QPK,R019,sentinel-2a,1.62,Summer (Pre-monsoon),Pre-monsoon Summer (Acquisition 2),Zone_C_50m,50 m radius circle (81 pixels),81,81,81,100.0,0,81,0,0,0,0.2884,0.1591,0.1661,1.1837
Date-Level Extraction,Pre-monsoon Summer Composite,OC-Q2,Opencast,2024-05-14,2024-05-14T05:12:44.259000Z,2024-05-14 10:42:44,S2A_44QPK_20240514_0_L2A,44QPK,R019,sentinel-2a,1.62,Summer (Pre-monsoon),Pre-monsoon Summer (Acquisition 2),Zone_D_100m,100 m radius circle (317 pixels),317,317,317,100.0,0,317,0,0,0,0.2752,0.1491,0.1552,1.1953
Date-Level Extraction,Pre-monsoon Summer Composite,OC-Q3,Opencast,2024-05-14,2024-05-14T05:12:44.259000Z,2024-05-14 10:42:44,S2A_44QPK_20240514_0_L2A,44QPK,R019,sentinel-2a,1.62,Summer (Pre-monsoon),Pre-monsoon Summer (Acquisition 2),Zone_A_10m,"10x10 m (1 pixel, quadrat support)",1,1,1,100.0,0,1,0,0,0,0.1615,0.0929,0.0597,1.1618
Date-Level Extraction,Pre-monsoon Summer Composite,OC-Q3,Opencast,2024-05-14,2024-05-14T05:12:44.259000Z,2024-05-14 10:42:44,S2A_44QPK_20240514_0_L2A,44QPK,R019,sentinel-2a,1.62,Summer (Pre-monsoon),Pre-monsoon Summer (Acquisition 2),Zone_B_50m,"50x50 m (5x5 window, 25 pixels)",25,25,25,100.0,0,25,0,0,0,0.1792,0.1061,0.1003,1.1777
Date-Level Extraction,Pre-monsoon Summer Composite,OC-Q3,Opencast,2024-05-14,2024-05-14T05:12:44.259000Z,2024-05-14 10:42:44,S2A_44QPK_20240514_0_L2A,44QPK,R019,sentinel-2a,1.62,Summer (Pre-monsoon),Pre-monsoon Summer (Acquisition 2),Zone_C_50m,50 m radius circle (81 pixels),81,81,81,100.0,0,81,0,0,0,0.1957,0.1141,0.1056,1.1982
Date-Level Extraction,Pre-monsoon Summer Composite,OC-Q3,Opencast,2024-05-14,2024-05-14T05:12:44.259000Z,2024-05-14 10:42:44,S2A_44QPK_20240514_0_L2A,44QPK,R019,sentinel-2a,1.62,Summer (Pre-monsoon),Pre-monsoon Summer (Acquisition 2),Zone_D_100m,100 m radius circle (317 pixels),317,317,317,100.0,0,317,0,0,0,0.1922,0.1123,0.0996,1.2198
Date-Level Extraction,Pre-monsoon Summer Composite,OC-Q4,Opencast,2024-05-14,2024-05-14T05:12:44.259000Z,2024-05-14 10:42:44,S2A_44QPK_20240514_0_L2A,44QPK,R019,sentinel-2a,1.62,Summer (Pre-monsoon),Pre-monsoon Summer (Acquisition 2),Zone_A_10m,"10x10 m (1 pixel, quadrat support)",1,1,1,100.0,0,1,0,0,0,0.4595,0.2381,0.2265,1.35
Date-Level Extraction,Pre-monsoon Summer Composite,OC-Q4,Opencast,2024-05-14,2024-05-14T05:12:44.259000Z,2024-05-14 10:42:44,S2A_44QPK_20240514_0_L2A,44QPK,R019,sentinel-2a,1.62,Summer (Pre-monsoon),Pre-monsoon Summer (Acquisition 2),Zone_B_50m,"50x50 m (5x5 window, 25 pixels)",25,25,25,100.0,0,25,0,0,0,0.3756,0.1937,0.1966,1.3076
Date-Level Extraction,Pre-monsoon Summer Composite,OC-Q4,Opencast,2024-05-14,2024-05-14T05:12:44.259000Z,2024-05-14 10:42:44,S2A_44QPK_20240514_0_L2A,44QPK,R019,sentinel-2a,1.62,Summer (Pre-monsoon),Pre-monsoon Summer (Acquisition 2),Zone_C_50m,50 m radius circle (81 pixels),81,81,81,100.0,0,81,0,0,0,0.3277,0.1712,0.1712,1.2707
Date-Level Extraction,Pre-monsoon Summer Composite,OC-Q4,Opencast,2024-05-14,2024-05-14T05:12:44.259000Z,2024-05-14 10:42:44,S2A_44QPK_20240514_0_L2A,44QPK,R019,sentinel-2a,1.62,Summer (Pre-monsoon),Pre-monsoon Summer (Acquisition 2),Zone_D_100m,100 m radius circle (317 pixels),317,317,317,100.0,0,317,0,0,0,0.2769,0.1458,0.1449,1.2324
Date-Level Extraction,Pre-monsoon Summer Composite,OC-Q5,Opencast,2024-05-14,2024-05-14T05:12:44.259000Z,2024-05-14 10:42:44,S2A_44QPK_20240514_0_L2A,44QPK,R019,sentinel-2a,1.62,Summer (Pre-monsoon),Pre-monsoon Summer (Acquisition 2),Zone_A_10m,"10x10 m (1 pixel, quadrat support)",1,1,1,100.0,0,1,0,0,0,0.1703,0.0887,0.0544,1.2224
Date-Level Extraction,Pre-monsoon Summer Composite,OC-Q5,Opencast,2024-05-14,2024-05-14T05:12:44.259000Z,2024-05-14 10:42:44,S2A_44QPK_20240514_0_L2A,44QPK,R019,sentinel-2a,1.62,Summer (Pre-monsoon),Pre-monsoon Summer (Acquisition 2),Zone_B_50m,"50x50 m (5x5 window, 25 pixels)",25,25,25,100.0,0,25,0,0,0,0.1936,0.1058,0.0888,1.2215
Date-Level Extraction,Pre-monsoon Summer Composite,OC-Q5,Opencast,2024-05-14,2024-05-14T05:12:44.259000Z,2024-05-14 10:42:44,S2A_44QPK_20240514_0_L2A,44QPK,R019,sentinel-2a,1.62,Summer (Pre-monsoon),Pre-monsoon Summer (Acquisition 2),Zone_C_50m,50 m radius circle (81 pixels),81,81,81,100.0,0,81,0,0,0,0.1998,0.1092,0.0938,1.2182
Date-Level Extraction,Pre-monsoon Summer Composite,OC-Q5,Opencast,2024-05-14,2024-05-14T05:12:44.259000Z,2024-05-14 10:42:44,S2A_44QPK_20240514_0_L2A,44QPK,R019,sentinel-2a,1.62,Summer (Pre-monsoon),Pre-monsoon Summer (Acquisition 2),Zone_D_100m,100 m radius circle (317 pixels),317,317,317,100.0,0,317,0,0,0,0.2156,0.1202,0.1028,1.2216
Date-Level Extraction,Monsoon & Retreat Green Season Composite,UG-Q1,Underground,2024-06-13,2024-06-13T05:12:47.350000Z,2024-06-13 10:42:47,S2A_44QPK_20240613_0_L2A,44QPK,R019,sentinel-2a,4.28,Southwest Monsoon (Onset),Monsoon & Retreat Green Season (Onset),Zone_A_10m,"10x10 m (1 pixel, quadrat support)",1,1,1,100.0,0,1,0,0,0,0.3267,0.2133,0.0554,1.2312
Date-Level Extraction,Monsoon & Retreat Green Season Composite,UG-Q1,Underground,2024-06-13,2024-06-13T05:12:47.350000Z,2024-06-13 10:42:47,S2A_44QPK_20240613_0_L2A,44QPK,R019,sentinel-2a,4.28,Southwest Monsoon (Onset),Monsoon & Retreat Green Season (Onset),Zone_B_50m,"50x50 m (5x5 window, 25 pixels)",25,25,25,100.0,0,25,0,0,0,0.2493,0.1695,0.0977,1.2261
Date-Level Extraction,Monsoon & Retreat Green Season Composite,UG-Q1,Underground,2024-06-13,2024-06-13T05:12:47.350000Z,2024-06-13 10:42:47,S2A_44QPK_20240613_0_L2A,44QPK,R019,sentinel-2a,4.28,Southwest Monsoon (Onset),Monsoon & Retreat Green Season (Onset),Zone_C_50m,50 m radius circle (81 pixels),81,81,81,100.0,0,81,0,0,0,0.2128,0.1468,0.1065,1.2128
Date-Level Extraction,Monsoon & Retreat Green Season Composite,UG-Q1,Underground,2024-06-13,2024-06-13T05:12:47.350000Z,2024-06-13 10:42:47,S2A_44QPK_20240613_0_L2A,44QPK,R019,sentinel-2a,4.28,Southwest Monsoon (Onset),Monsoon & Retreat Green Season (Onset),Zone_D_100m,100 m radius circle (317 pixels),317,317,317,100.0,0,317,0,0,0,0.2409,0.165,0.1289,1.2286
Date-Level Extraction,Monsoon & Retreat Green Season Composite,UG-Q2,Underground,2024-06-13,2024-06-13T05:12:47.350000Z,2024-06-13 10:42:47,S2A_44QPK_20240613_0_L2A,44QPK,R019,sentinel-2a,4.28,Southwest Monsoon (Onset),Monsoon & Retreat Green Season (Onset),Zone_A_10m,"10x10 m (1 pixel, quadrat support)",1,1,1,100.0,0,1,0,0,0,0.4078,0.2716,0.241,1.3628
Date-Level Extraction,Monsoon & Retreat Green Season Composite,UG-Q2,Underground,2024-06-13,2024-06-13T05:12:47.350000Z,2024-06-13 10:42:47,S2A_44QPK_20240613_0_L2A,44QPK,R019,sentinel-2a,4.28,Southwest Monsoon (Onset),Monsoon & Retreat Green Season (Onset),Zone_B_50m,"50x50 m (5x5 window, 25 pixels)",25,25,25,100.0,0,25,0,0,0,0.3246,0.2174,0.2014,1.3253
Date-Level Extraction,Monsoon & Retreat Green Season Composite,UG-Q2,Underground,2024-06-13,2024-06-13T05:12:47.350000Z,2024-06-13 10:42:47,S2A_44QPK_20240613_0_L2A,44QPK,R019,sentinel-2a,4.28,Southwest Monsoon (Onset),Monsoon & Retreat Green Season (Onset),Zone_C_50m,50 m radius circle (81 pixels),81,81,81,100.0,0,81,0,0,0,0.2866,0.1962,0.1633,1.2924
Date-Level Extraction,Monsoon & Retreat Green Season Composite,UG-Q2,Underground,2024-06-13,2024-06-13T05:12:47.350000Z,2024-06-13 10:42:47,S2A_44QPK_20240613_0_L2A,44QPK,R019,sentinel-2a,4.28,Southwest Monsoon (Onset),Monsoon & Retreat Green Season (Onset),Zone_D_100m,100 m radius circle (317 pixels),317,317,317,100.0,0,317,0,0,0,0.2599,0.1825,0.156,1.2815
Date-Level Extraction,Monsoon & Retreat Green Season Composite,UG-Q3,Underground,2024-06-13,2024-06-13T05:12:47.350000Z,2024-06-13 10:42:47,S2A_44QPK_20240613_0_L2A,44QPK,R019,sentinel-2a,4.28,Southwest Monsoon (Onset),Monsoon & Retreat Green Season (Onset),Zone_A_10m,"10x10 m (1 pixel, quadrat support)",1,1,1,100.0,0,1,0,0,0,0.5629,0.3385,0.3189,1.4471
Date-Level Extraction,Monsoon & Retreat Green Season Composite,UG-Q3,Underground,2024-06-13,2024-06-13T05:12:47.350000Z,2024-06-13 10:42:47,S2A_44QPK_20240613_0_L2A,44QPK,R019,sentinel-2a,4.28,Southwest Monsoon (Onset),Monsoon & Retreat Green Season (Onset),Zone_B_50m,"50x50 m (5x5 window, 25 pixels)",25,25,25,100.0,0,25,0,0,0,0.2916,0.1895,0.1648,1.4017
Date-Level Extraction,Monsoon & Retreat Green Season Composite,UG-Q3,Underground,2024-06-13,2024-06-13T05:12:47.350000Z,2024-06-13 10:42:47,S2A_44QPK_20240613_0_L2A,44QPK,R019,sentinel-2a,4.28,Southwest Monsoon (Onset),Monsoon & Retreat Green Season (Onset),Zone_C_50m,50 m radius circle (81 pixels),81,81,81,100.0,0,81,0,0,0,0.2132,0.1418,0.1038,1.376
Date-Level Extraction,Monsoon & Retreat Green Season Composite,UG-Q3,Underground,2024-06-13,2024-06-13T05:12:47.350000Z,2024-06-13 10:42:47,S2A_44QPK_20240613_0_L2A,44QPK,R019,sentinel-2a,4.28,Southwest Monsoon (Onset),Monsoon & Retreat Green Season (Onset),Zone_D_100m,100 m radius circle (317 pixels),317,317,317,100.0,0,317,0,0,0,0.2283,0.1502,0.1097,1.3528
Date-Level Extraction,Monsoon & Retreat Green Season Composite,UG-Q4,Underground,2024-06-13,2024-06-13T05:12:47.350000Z,2024-06-13 10:42:47,S2A_44QPK_20240613_0_L2A,44QPK,R019,sentinel-2a,4.28,Southwest Monsoon (Onset),Monsoon & Retreat Green Season (Onset),Zone_A_10m,"10x10 m (1 pixel, quadrat support)",1,1,1,100.0,0,1,0,0,0,0.5081,0.3266,0.2862,1.3586
Date-Level Extraction,Monsoon & Retreat Green Season Composite,UG-Q4,Underground,2024-06-13,2024-06-13T05:12:47.350000Z,2024-06-13 10:42:47,S2A_44QPK_20240613_0_L2A,44QPK,R019,sentinel-2a,4.28,Southwest Monsoon (Onset),Monsoon & Retreat Green Season (Onset),Zone_B_50m,"50x50 m (5x5 window, 25 pixels)",25,25,25,100.0,0,25,0,0,0,0.4408,0.2766,0.2597,1.3585
Date-Level Extraction,Monsoon & Retreat Green Season Composite,UG-Q4,Underground,2024-06-13,2024-06-13T05:12:47.350000Z,2024-06-13 10:42:47,S2A_44QPK_20240613_0_L2A,44QPK,R019,sentinel-2a,4.28,Southwest Monsoon (Onset),Monsoon & Retreat Green Season (Onset),Zone_C_50m,50 m radius circle (81 pixels),81,81,81,100.0,0,81,0,0,0,0.4585,0.2802,0.2684,1.3648
Date-Level Extraction,Monsoon & Retreat Green Season Composite,UG-Q4,Underground,2024-06-13,2024-06-13T05:12:47.350000Z,2024-06-13 10:42:47,S2A_44QPK_20240613_0_L2A,44QPK,R019,sentinel-2a,4.28,Southwest Monsoon (Onset),Monsoon & Retreat Green Season (Onset),Zone_D_100m,100 m radius circle (317 pixels),317,317,317,100.0,0,317,0,0,0,0.3759,0.2346,0.2209,1.2921
Date-Level Extraction,Monsoon & Retreat Green Season Composite,UG-Q5,Underground,2024-06-13,2024-06-13T05:12:47.350000Z,2024-06-13 10:42:47,S2A_44QPK_20240613_0_L2A,44QPK,R019,sentinel-2a,4.28,Southwest Monsoon (Onset),Monsoon & Retreat Green Season (Onset),Zone_A_10m,"10x10 m (1 pixel, quadrat support)",1,1,1,100.0,0,1,0,0,0,0.3571,0.2255,0.1635,1.2712
Date-Level Extraction,Monsoon & Retreat Green Season Composite,UG-Q5,Underground,2024-06-13,2024-06-13T05:12:47.350000Z,2024-06-13 10:42:47,S2A_44QPK_20240613_0_L2A,44QPK,R019,sentinel-2a,4.28,Southwest Monsoon (Onset),Monsoon & Retreat Green Season (Onset),Zone_B_50m,"50x50 m (5x5 window, 25 pixels)",25,25,25,100.0,0,25,0,0,0,0.3529,0.2144,0.1853,1.303
Date-Level Extraction,Monsoon & Retreat Green Season Composite,UG-Q5,Underground,2024-06-13,2024-06-13T05:12:47.350000Z,2024-06-13 10:42:47,S2A_44QPK_20240613_0_L2A,44QPK,R019,sentinel-2a,4.28,Southwest Monsoon (Onset),Monsoon & Retreat Green Season (Onset),Zone_C_50m,50 m radius circle (81 pixels),81,81,81,100.0,0,81,0,0,0,0.3838,0.2361,0.2041,1.3229
Date-Level Extraction,Monsoon & Retreat Green Season Composite,UG-Q5,Underground,2024-06-13,2024-06-13T05:12:47.350000Z,2024-06-13 10:42:47,S2A_44QPK_20240613_0_L2A,44QPK,R019,sentinel-2a,4.28,Southwest Monsoon (Onset),Monsoon & Retreat Green Season (Onset),Zone_D_100m,100 m radius circle (317 pixels),317,317,317,100.0,0,317,0,0,0,0.3952,0.2475,0.2143,1.3384
Date-Level Extraction,Monsoon & Retreat Green Season Composite,OC-Q1,Opencast,2024-06-13,2024-06-13T05:12:47.350000Z,2024-06-13 10:42:47,S2A_44QPK_20240613_0_L2A,44QPK,R019,sentinel-2a,4.28,Southwest Monsoon (Onset),Monsoon & Retreat Green Season (Onset),Zone_A_10m,"10x10 m (1 pixel, quadrat support)",1,1,1,100.0,0,1,0,0,0,0.5524,0.2604,0.3087,1.5758
Date-Level Extraction,Monsoon & Retreat Green Season Composite,OC-Q1,Opencast,2024-06-13,2024-06-13T05:12:47.350000Z,2024-06-13 10:42:47,S2A_44QPK_20240613_0_L2A,44QPK,R019,sentinel-2a,4.28,Southwest Monsoon (Onset),Monsoon & Retreat Green Season (Onset),Zone_B_50m,"50x50 m (5x5 window, 25 pixels)",25,25,25,100.0,0,25,0,0,0,0.5468,0.2665,0.3145,1.5494
Date-Level Extraction,Monsoon & Retreat Green Season Composite,OC-Q1,Opencast,2024-06-13,2024-06-13T05:12:47.350000Z,2024-06-13 10:42:47,S2A_44QPK_20240613_0_L2A,44QPK,R019,sentinel-2a,4.28,Southwest Monsoon (Onset),Monsoon & Retreat Green Season (Onset),Zone_C_50m,50 m radius circle (81 pixels),81,81,81,100.0,0,81,0,0,0,0.5242,0.2542,0.3039,1.5086
Date-Level Extraction,Monsoon & Retreat Green Season Composite,OC-Q1,Opencast,2024-06-13,2024-06-13T05:12:47.350000Z,2024-06-13 10:42:47,S2A_44QPK_20240613_0_L2A,44QPK,R019,sentinel-2a,4.28,Southwest Monsoon (Onset),Monsoon & Retreat Green Season (Onset),Zone_D_100m,100 m radius circle (317 pixels),317,317,317,100.0,2,315,0,0,0,0.4752,0.2312,0.276,1.4373
Date-Level Extraction,Monsoon & Retreat Green Season Composite,OC-Q2,Opencast,2024-06-13,2024-06-13T05:12:47.350000Z,2024-06-13 10:42:47,S2A_44QPK_20240613_0_L2A,44QPK,R019,sentinel-2a,4.28,Southwest Monsoon (Onset),Monsoon & Retreat Green Season (Onset),Zone_A_10m,"10x10 m (1 pixel, quadrat support)",1,1,1,100.0,0,1,0,0,0,0.2777,0.166,0.1747,1.2111
Date-Level Extraction,Monsoon & Retreat Green Season Composite,OC-Q2,Opencast,2024-06-13,2024-06-13T05:12:47.350000Z,2024-06-13 10:42:47,S2A_44QPK_20240613_0_L2A,44QPK,R019,sentinel-2a,4.28,Southwest Monsoon (Onset),Monsoon & Retreat Green Season (Onset),Zone_B_50m,"50x50 m (5x5 window, 25 pixels)",25,25,25,100.0,0,25,0,0,0,0.3214,0.1954,0.1908,1.2276
Date-Level Extraction,Monsoon & Retreat Green Season Composite,OC-Q2,Opencast,2024-06-13,2024-06-13T05:12:47.350000Z,2024-06-13 10:42:47,S2A_44QPK_20240613_0_L2A,44QPK,R019,sentinel-2a,4.28,Southwest Monsoon (Onset),Monsoon & Retreat Green Season (Onset),Zone_C_50m,50 m radius circle (81 pixels),81,81,81,100.0,0,81,0,0,0,0.3415,0.2062,0.1989,1.2606
Date-Level Extraction,Monsoon & Retreat Green Season Composite,OC-Q2,Opencast,2024-06-13,2024-06-13T05:12:47.350000Z,2024-06-13 10:42:47,S2A_44QPK_20240613_0_L2A,44QPK,R019,sentinel-2a,4.28,Southwest Monsoon (Onset),Monsoon & Retreat Green Season (Onset),Zone_D_100m,100 m radius circle (317 pixels),317,317,317,100.0,0,317,0,0,0,0.319,0.1885,0.182,1.2709
Date-Level Extraction,Monsoon & Retreat Green Season Composite,OC-Q3,Opencast,2024-06-13,2024-06-13T05:12:47.350000Z,2024-06-13 10:42:47,S2A_44QPK_20240613_0_L2A,44QPK,R019,sentinel-2a,4.28,Southwest Monsoon (Onset),Monsoon & Retreat Green Season (Onset),Zone_A_10m,"10x10 m (1 pixel, quadrat support)",1,1,1,100.0,0,1,0,0,0,0.1778,0.123,0.092,1.2168
Date-Level Extraction,Monsoon & Retreat Green Season Composite,OC-Q3,Opencast,2024-06-13,2024-06-13T05:12:47.350000Z,2024-06-13 10:42:47,S2A_44QPK_20240613_0_L2A,44QPK,R019,sentinel-2a,4.28,Southwest Monsoon (Onset),Monsoon & Retreat Green Season (Onset),Zone_B_50m,"50x50 m (5x5 window, 25 pixels)",25,25,25,100.0,0,25,0,0,0,0.1886,0.1243,0.1105,1.2438
Date-Level Extraction,Monsoon & Retreat Green Season Composite,OC-Q3,Opencast,2024-06-13,2024-06-13T05:12:47.350000Z,2024-06-13 10:42:47,S2A_44QPK_20240613_0_L2A,44QPK,R019,sentinel-2a,4.28,Southwest Monsoon (Onset),Monsoon & Retreat Green Season (Onset),Zone_C_50m,50 m radius circle (81 pixels),81,81,81,100.0,0,81,0,0,0,0.2204,0.1414,0.1201,1.2697
Date-Level Extraction,Monsoon & Retreat Green Season Composite,OC-Q3,Opencast,2024-06-13,2024-06-13T05:12:47.350000Z,2024-06-13 10:42:47,S2A_44QPK_20240613_0_L2A,44QPK,R019,sentinel-2a,4.28,Southwest Monsoon (Onset),Monsoon & Retreat Green Season (Onset),Zone_D_100m,100 m radius circle (317 pixels),317,317,317,100.0,0,317,0,0,0,0.2126,0.1375,0.1163,1.2941
Date-Level Extraction,Monsoon & Retreat Green Season Composite,OC-Q4,Opencast,2024-06-13,2024-06-13T05:12:47.350000Z,2024-06-13 10:42:47,S2A_44QPK_20240613_0_L2A,44QPK,R019,sentinel-2a,4.28,Southwest Monsoon (Onset),Monsoon & Retreat Green Season (Onset),Zone_A_10m,"10x10 m (1 pixel, quadrat support)",1,1,1,100.0,0,1,0,0,0,0.5505,0.3122,0.296,1.4798
Date-Level Extraction,Monsoon & Retreat Green Season Composite,OC-Q4,Opencast,2024-06-13,2024-06-13T05:12:47.350000Z,2024-06-13 10:42:47,S2A_44QPK_20240613_0_L2A,44QPK,R019,sentinel-2a,4.28,Southwest Monsoon (Onset),Monsoon & Retreat Green Season (Onset),Zone_B_50m,"50x50 m (5x5 window, 25 pixels)",25,25,25,100.0,0,25,0,0,0,0.5012,0.2884,0.2862,1.4361
Date-Level Extraction,Monsoon & Retreat Green Season Composite,OC-Q4,Opencast,2024-06-13,2024-06-13T05:12:47.350000Z,2024-06-13 10:42:47,S2A_44QPK_20240613_0_L2A,44QPK,R019,sentinel-2a,4.28,Southwest Monsoon (Onset),Monsoon & Retreat Green Season (Onset),Zone_C_50m,50 m radius circle (81 pixels),81,81,81,100.0,0,81,0,0,0,0.4643,0.2718,0.2652,1.4051
Date-Level Extraction,Monsoon & Retreat Green Season Composite,OC-Q4,Opencast,2024-06-13,2024-06-13T05:12:47.350000Z,2024-06-13 10:42:47,S2A_44QPK_20240613_0_L2A,44QPK,R019,sentinel-2a,4.28,Southwest Monsoon (Onset),Monsoon & Retreat Green Season (Onset),Zone_D_100m,100 m radius circle (317 pixels),317,317,317,100.0,0,317,0,0,0,0.4197,0.2473,0.2392,1.3719
Date-Level Extraction,Monsoon & Retreat Green Season Composite,OC-Q5,Opencast,2024-06-13,2024-06-13T05:12:47.350000Z,2024-06-13 10:42:47,S2A_44QPK_20240613_0_L2A,44QPK,R019,sentinel-2a,4.28,Southwest Monsoon (Onset),Monsoon & Retreat Green Season (Onset),Zone_A_10m,"10x10 m (1 pixel, quadrat support)",1,1,1,100.0,0,1,0,0,0,0.2492,0.149,0.0997,1.3081
Date-Level Extraction,Monsoon & Retreat Green Season Composite,OC-Q5,Opencast,2024-06-13,2024-06-13T05:12:47.350000Z,2024-06-13 10:42:47,S2A_44QPK_20240613_0_L2A,44QPK,R019,sentinel-2a,4.28,Southwest Monsoon (Onset),Monsoon & Retreat Green Season (Onset),Zone_B_50m,"50x50 m (5x5 window, 25 pixels)",25,25,25,100.0,0,25,0,0,0,0.2561,0.1551,0.1291,1.2985
Date-Level Extraction,Monsoon & Retreat Green Season Composite,OC-Q5,Opencast,2024-06-13,2024-06-13T05:12:47.350000Z,2024-06-13 10:42:47,S2A_44QPK_20240613_0_L2A,44QPK,R019,sentinel-2a,4.28,Southwest Monsoon (Onset),Monsoon & Retreat Green Season (Onset),Zone_C_50m,50 m radius circle (81 pixels),81,81,81,100.0,0,81,0,0,0,0.2571,0.1552,0.1345,1.2914
Date-Level Extraction,Monsoon & Retreat Green Season Composite,OC-Q5,Opencast,2024-06-13,2024-06-13T05:12:47.350000Z,2024-06-13 10:42:47,S2A_44QPK_20240613_0_L2A,44QPK,R019,sentinel-2a,4.28,Southwest Monsoon (Onset),Monsoon & Retreat Green Season (Onset),Zone_D_100m,100 m radius circle (317 pixels),317,317,317,100.0,0,317,0,0,0,0.2756,0.1676,0.1463,1.2943
Date-Level Extraction,Monsoon & Retreat Green Season Composite,UG-Q1,Underground,2024-10-06,2024-10-06T05:12:41.715000Z,2024-10-06 10:42:41,S2B_44QPK_20241006_0_L2A,44QPK,R019,sentinel-2b,4.11,Late Monsoon Retreat / Transition,Monsoon & Retreat Green Season (Retreat Peak),Zone_A_10m,"10x10 m (1 pixel, quadrat support)",1,1,1,100.0,1,0,0,0,0,0.7107,0.5397,0.4017,1.6204
Date-Level Extraction,Monsoon & Retreat Green Season Composite,UG-Q1,Underground,2024-10-06,2024-10-06T05:12:41.715000Z,2024-10-06 10:42:41,S2B_44QPK_20241006_0_L2A,44QPK,R019,sentinel-2b,4.11,Late Monsoon Retreat / Transition,Monsoon & Retreat Green Season (Retreat Peak),Zone_B_50m,"50x50 m (5x5 window, 25 pixels)",25,25,25,100.0,23,2,0,0,0,0.5914,0.4465,0.3568,1.567
Date-Level Extraction,Monsoon & Retreat Green Season Composite,UG-Q1,Underground,2024-10-06,2024-10-06T05:12:41.715000Z,2024-10-06 10:42:41,S2B_44QPK_20241006_0_L2A,44QPK,R019,sentinel-2b,4.11,Late Monsoon Retreat / Transition,Monsoon & Retreat Green Season (Retreat Peak),Zone_C_50m,50 m radius circle (81 pixels),81,81,81,100.0,77,4,0,0,0,0.5714,0.4272,0.364,1.5376
Date-Level Extraction,Monsoon & Retreat Green Season Composite,UG-Q1,Underground,2024-10-06,2024-10-06T05:12:41.715000Z,2024-10-06 10:42:41,S2B_44QPK_20241006_0_L2A,44QPK,R019,sentinel-2b,4.11,Late Monsoon Retreat / Transition,Monsoon & Retreat Green Season (Retreat Peak),Zone_D_100m,100 m radius circle (317 pixels),317,317,317,100.0,313,4,0,0,0,0.6349,0.4828,0.4034,1.6251
Date-Level Extraction,Monsoon & Retreat Green Season Composite,UG-Q2,Underground,2024-10-06,2024-10-06T05:12:41.715000Z,2024-10-06 10:42:41,S2B_44QPK_20241006_0_L2A,44QPK,R019,sentinel-2b,4.11,Late Monsoon Retreat / Transition,Monsoon & Retreat Green Season (Retreat Peak),Zone_A_10m,"10x10 m (1 pixel, quadrat support)",1,1,1,100.0,1,0,0,0,0,0.7808,0.4962,0.4561,1.8702
Date-Level Extraction,Monsoon & Retreat Green Season Composite,UG-Q2,Underground,2024-10-06,2024-10-06T05:12:41.715000Z,2024-10-06 10:42:41,S2B_44QPK_20241006_0_L2A,44QPK,R019,sentinel-2b,4.11,Late Monsoon Retreat / Transition,Monsoon & Retreat Green Season (Retreat Peak),Zone_B_50m,"50x50 m (5x5 window, 25 pixels)",25,25,25,100.0,25,0,0,0,0,0.7691,0.5495,0.5008,1.8293
Date-Level Extraction,Monsoon & Retreat Green Season Composite,UG-Q2,Underground,2024-10-06,2024-10-06T05:12:41.715000Z,2024-10-06 10:42:41,S2B_44QPK_20241006_0_L2A,44QPK,R019,sentinel-2b,4.11,Late Monsoon Retreat / Transition,Monsoon & Retreat Green Season (Retreat Peak),Zone_C_50m,50 m radius circle (81 pixels),81,81,81,100.0,77,4,0,0,0,0.7416,0.5317,0.4855,1.7736
Date-Level Extraction,Monsoon & Retreat Green Season Composite,UG-Q2,Underground,2024-10-06,2024-10-06T05:12:41.715000Z,2024-10-06 10:42:41,S2B_44QPK_20241006_0_L2A,44QPK,R019,sentinel-2b,4.11,Late Monsoon Retreat / Transition,Monsoon & Retreat Green Season (Retreat Peak),Zone_D_100m,100 m radius circle (317 pixels),317,317,317,100.0,301,16,0,0,0,0.6903,0.4993,0.4616,1.6978
Date-Level Extraction,Monsoon & Retreat Green Season Composite,UG-Q3,Underground,2024-10-06,2024-10-06T05:12:41.715000Z,2024-10-06 10:42:41,S2B_44QPK_20241006_0_L2A,44QPK,R019,sentinel-2b,4.11,Late Monsoon Retreat / Transition,Monsoon & Retreat Green Season (Retreat Peak),Zone_A_10m,"10x10 m (1 pixel, quadrat support)",1,1,1,100.0,1,0,0,0,0,0.5422,0.2436,0.1815,1.5722
Date-Level Extraction,Monsoon & Retreat Green Season Composite,UG-Q3,Underground,2024-10-06,2024-10-06T05:12:41.715000Z,2024-10-06 10:42:41,S2B_44QPK_20241006_0_L2A,44QPK,R019,sentinel-2b,4.11,Late Monsoon Retreat / Transition,Monsoon & Retreat Green Season (Retreat Peak),Zone_B_50m,"50x50 m (5x5 window, 25 pixels)",25,25,19,76.0,13,6,4,2,0,0.5094,0.3621,0.2983,1.5854
Date-Level Extraction,Monsoon & Retreat Green Season Composite,UG-Q3,Underground,2024-10-06,2024-10-06T05:12:41.715000Z,2024-10-06 10:42:41,S2B_44QPK_20241006_0_L2A,44QPK,R019,sentinel-2b,4.11,Late Monsoon Retreat / Transition,Monsoon & Retreat Green Season (Retreat Peak),Zone_C_50m,50 m radius circle (81 pixels),81,81,67,82.72,39,28,4,10,0,0.4471,0.3339,0.2689,1.5523
Date-Level Extraction,Monsoon & Retreat Green Season Composite,UG-Q3,Underground,2024-10-06,2024-10-06T05:12:41.715000Z,2024-10-06 10:42:41,S2B_44QPK_20241006_0_L2A,44QPK,R019,sentinel-2b,4.11,Late Monsoon Retreat / Transition,Monsoon & Retreat Green Season (Retreat Peak),Zone_D_100m,100 m radius circle (317 pixels),317,317,296,93.38,187,109,4,17,0,0.4687,0.3439,0.3002,1.5365
Date-Level Extraction,Monsoon & Retreat Green Season Composite,UG-Q4,Underground,2024-10-06,2024-10-06T05:12:41.715000Z,2024-10-06 10:42:41,S2B_44QPK_20241006_0_L2A,44QPK,R019,sentinel-2b,4.11,Late Monsoon Retreat / Transition,Monsoon & Retreat Green Season (Retreat Peak),Zone_A_10m,"10x10 m (1 pixel, quadrat support)",1,1,1,100.0,1,0,0,0,0,0.7453,0.5226,0.4686,1.8346
Date-Level Extraction,Monsoon & Retreat Green Season Composite,UG-Q4,Underground,2024-10-06,2024-10-06T05:12:41.715000Z,2024-10-06 10:42:41,S2B_44QPK_20241006_0_L2A,44QPK,R019,sentinel-2b,4.11,Late Monsoon Retreat / Transition,Monsoon & Retreat Green Season (Retreat Peak),Zone_B_50m,"50x50 m (5x5 window, 25 pixels)",25,25,25,100.0,25,0,0,0,0,0.7433,0.5193,0.4755,1.8327
Date-Level Extraction,Monsoon & Retreat Green Season Composite,UG-Q4,Underground,2024-10-06,2024-10-06T05:12:41.715000Z,2024-10-06 10:42:41,S2B_44QPK_20241006_0_L2A,44QPK,R019,sentinel-2b,4.11,Late Monsoon Retreat / Transition,Monsoon & Retreat Green Season (Retreat Peak),Zone_C_50m,50 m radius circle (81 pixels),81,81,81,100.0,81,0,0,0,0,0.7177,0.4775,0.4605,1.8107
Date-Level Extraction,Monsoon & Retreat Green Season Composite,UG-Q4,Underground,2024-10-06,2024-10-06T05:12:41.715000Z,2024-10-06 10:42:41,S2B_44QPK_20241006_0_L2A,44QPK,R019,sentinel-2b,4.11,Late Monsoon Retreat / Transition,Monsoon & Retreat Green Season (Retreat Peak),Zone_D_100m,100 m radius circle (317 pixels),317,317,317,100.0,281,36,0,0,0,0.6461,0.4464,0.4128,1.6113
Date-Level Extraction,Monsoon & Retreat Green Season Composite,UG-Q5,Underground,2024-10-06,2024-10-06T05:12:41.715000Z,2024-10-06 10:42:41,S2B_44QPK_20241006_0_L2A,44QPK,R019,sentinel-2b,4.11,Late Monsoon Retreat / Transition,Monsoon & Retreat Green Season (Retreat Peak),Zone_A_10m,"10x10 m (1 pixel, quadrat support)",1,1,1,100.0,1,0,0,0,0,0.5568,0.4142,0.4032,1.6284
Date-Level Extraction,Monsoon & Retreat Green Season Composite,UG-Q5,Underground,2024-10-06,2024-10-06T05:12:41.715000Z,2024-10-06 10:42:41,S2B_44QPK_20241006_0_L2A,44QPK,R019,sentinel-2b,4.11,Late Monsoon Retreat / Transition,Monsoon & Retreat Green Season (Retreat Peak),Zone_B_50m,"50x50 m (5x5 window, 25 pixels)",25,25,25,100.0,25,0,0,0,0,0.6541,0.4954,0.4538,1.7103
Date-Level Extraction,Monsoon & Retreat Green Season Composite,UG-Q5,Underground,2024-10-06,2024-10-06T05:12:41.715000Z,2024-10-06 10:42:41,S2B_44QPK_20241006_0_L2A,44QPK,R019,sentinel-2b,4.11,Late Monsoon Retreat / Transition,Monsoon & Retreat Green Season (Retreat Peak),Zone_C_50m,50 m radius circle (81 pixels),81,81,81,100.0,81,0,0,0,0,0.7126,0.541,0.4905,1.8306
Date-Level Extraction,Monsoon & Retreat Green Season Composite,UG-Q5,Underground,2024-10-06,2024-10-06T05:12:41.715000Z,2024-10-06 10:42:41,S2B_44QPK_20241006_0_L2A,44QPK,R019,sentinel-2b,4.11,Late Monsoon Retreat / Transition,Monsoon & Retreat Green Season (Retreat Peak),Zone_D_100m,100 m radius circle (317 pixels),317,317,317,100.0,317,0,0,0,0,0.751,0.5724,0.5112,1.9521
Date-Level Extraction,Monsoon & Retreat Green Season Composite,OC-Q1,Opencast,2024-10-06,2024-10-06T05:12:41.715000Z,2024-10-06 10:42:41,S2B_44QPK_20241006_0_L2A,44QPK,R019,sentinel-2b,4.11,Late Monsoon Retreat / Transition,Monsoon & Retreat Green Season (Retreat Peak),Zone_A_10m,"10x10 m (1 pixel, quadrat support)",1,1,1,100.0,1,0,0,0,0,0.7232,0.3722,0.4506,1.9263
Date-Level Extraction,Monsoon & Retreat Green Season Composite,OC-Q1,Opencast,2024-10-06,2024-10-06T05:12:41.715000Z,2024-10-06 10:42:41,S2B_44QPK_20241006_0_L2A,44QPK,R019,sentinel-2b,4.11,Late Monsoon Retreat / Transition,Monsoon & Retreat Green Season (Retreat Peak),Zone_B_50m,"50x50 m (5x5 window, 25 pixels)",25,25,25,100.0,25,0,0,0,0,0.7149,0.3985,0.4904,1.9215
Date-Level Extraction,Monsoon & Retreat Green Season Composite,OC-Q1,Opencast,2024-10-06,2024-10-06T05:12:41.715000Z,2024-10-06 10:42:41,S2B_44QPK_20241006_0_L2A,44QPK,R019,sentinel-2b,4.11,Late Monsoon Retreat / Transition,Monsoon & Retreat Green Season (Retreat Peak),Zone_C_50m,50 m radius circle (81 pixels),81,81,81,100.0,81,0,0,0,0,0.707,0.3905,0.4823,1.8556
Date-Level Extraction,Monsoon & Retreat Green Season Composite,OC-Q1,Opencast,2024-10-06,2024-10-06T05:12:41.715000Z,2024-10-06 10:42:41,S2B_44QPK_20241006_0_L2A,44QPK,R019,sentinel-2b,4.11,Late Monsoon Retreat / Transition,Monsoon & Retreat Green Season (Retreat Peak),Zone_D_100m,100 m radius circle (317 pixels),317,317,312,98.42,253,59,0,5,0,0.644,0.3395,0.4287,1.7052
Date-Level Extraction,Monsoon & Retreat Green Season Composite,OC-Q2,Opencast,2024-10-06,2024-10-06T05:12:41.715000Z,2024-10-06 10:42:41,S2B_44QPK_20241006_0_L2A,44QPK,R019,sentinel-2b,4.11,Late Monsoon Retreat / Transition,Monsoon & Retreat Green Season (Retreat Peak),Zone_A_10m,"10x10 m (1 pixel, quadrat support)",1,1,1,100.0,0,1,0,0,0,0.4552,0.302,0.3584,1.2872
Date-Level Extraction,Monsoon & Retreat Green Season Composite,OC-Q2,Opencast,2024-10-06,2024-10-06T05:12:41.715000Z,2024-10-06 10:42:41,S2B_44QPK_20241006_0_L2A,44QPK,R019,sentinel-2b,4.11,Late Monsoon Retreat / Transition,Monsoon & Retreat Green Season (Retreat Peak),Zone_B_50m,"50x50 m (5x5 window, 25 pixels)",25,25,25,100.0,10,15,0,0,0,0.4981,0.3116,0.3151,1.317
Date-Level Extraction,Monsoon & Retreat Green Season Composite,OC-Q2,Opencast,2024-10-06,2024-10-06T05:12:41.715000Z,2024-10-06 10:42:41,S2B_44QPK_20241006_0_L2A,44QPK,R019,sentinel-2b,4.11,Late Monsoon Retreat / Transition,Monsoon & Retreat Green Season (Retreat Peak),Zone_C_50m,50 m radius circle (81 pixels),81,81,81,100.0,35,46,0,0,0,0.4943,0.3033,0.3139,1.3725
Date-Level Extraction,Monsoon & Retreat Green Season Composite,OC-Q2,Opencast,2024-10-06,2024-10-06T05:12:41.715000Z,2024-10-06 10:42:41,S2B_44QPK_20241006_0_L2A,44QPK,R019,sentinel-2b,4.11,Late Monsoon Retreat / Transition,Monsoon & Retreat Green Season (Retreat Peak),Zone_D_100m,100 m radius circle (317 pixels),317,317,317,100.0,137,180,0,0,0,0.5052,0.3183,0.3156,1.4346
Date-Level Extraction,Monsoon & Retreat Green Season Composite,OC-Q3,Opencast,2024-10-06,2024-10-06T05:12:41.715000Z,2024-10-06 10:42:41,S2B_44QPK_20241006_0_L2A,44QPK,R019,sentinel-2b,4.11,Late Monsoon Retreat / Transition,Monsoon & Retreat Green Season (Retreat Peak),Zone_A_10m,"10x10 m (1 pixel, quadrat support)",1,1,1,100.0,0,1,0,0,0,0.517,0.3529,0.2039,1.3299
Date-Level Extraction,Monsoon & Retreat Green Season Composite,OC-Q3,Opencast,2024-10-06,2024-10-06T05:12:41.715000Z,2024-10-06 10:42:41,S2B_44QPK_20241006_0_L2A,44QPK,R019,sentinel-2b,4.11,Late Monsoon Retreat / Transition,Monsoon & Retreat Green Season (Retreat Peak),Zone_B_50m,"50x50 m (5x5 window, 25 pixels)",25,25,25,100.0,6,19,0,0,0,0.3629,0.2399,0.1935,1.3961
Date-Level Extraction,Monsoon & Retreat Green Season Composite,OC-Q3,Opencast,2024-10-06,2024-10-06T05:12:41.715000Z,2024-10-06 10:42:41,S2B_44QPK_20241006_0_L2A,44QPK,R019,sentinel-2b,4.11,Late Monsoon Retreat / Transition,Monsoon & Retreat Green Season (Retreat Peak),Zone_C_50m,50 m radius circle (81 pixels),81,81,81,100.0,25,56,0,0,0,0.4038,0.2654,0.2255,1.446
Date-Level Extraction,Monsoon & Retreat Green Season Composite,OC-Q3,Opencast,2024-10-06,2024-10-06T05:12:41.715000Z,2024-10-06 10:42:41,S2B_44QPK_20241006_0_L2A,44QPK,R019,sentinel-2b,4.11,Late Monsoon Retreat / Transition,Monsoon & Retreat Green Season (Retreat Peak),Zone_D_100m,100 m radius circle (317 pixels),317,317,317,100.0,174,143,0,0,0,0.4492,0.3061,0.261,1.4945
Date-Level Extraction,Monsoon & Retreat Green Season Composite,OC-Q4,Opencast,2024-10-06,2024-10-06T05:12:41.715000Z,2024-10-06 10:42:41,S2B_44QPK_20241006_0_L2A,44QPK,R019,sentinel-2b,4.11,Late Monsoon Retreat / Transition,Monsoon & Retreat Green Season (Retreat Peak),Zone_A_10m,"10x10 m (1 pixel, quadrat support)",1,1,1,100.0,1,0,0,0,0,0.7827,0.5054,0.5345,2.0899
Date-Level Extraction,Monsoon & Retreat Green Season Composite,OC-Q4,Opencast,2024-10-06,2024-10-06T05:12:41.715000Z,2024-10-06 10:42:41,S2B_44QPK_20241006_0_L2A,44QPK,R019,sentinel-2b,4.11,Late Monsoon Retreat / Transition,Monsoon & Retreat Green Season (Retreat Peak),Zone_B_50m,"50x50 m (5x5 window, 25 pixels)",25,25,25,100.0,25,0,0,0,0,0.7817,0.5002,0.5102,2.0623
Date-Level Extraction,Monsoon & Retreat Green Season Composite,OC-Q4,Opencast,2024-10-06,2024-10-06T05:12:41.715000Z,2024-10-06 10:42:41,S2B_44QPK_20241006_0_L2A,44QPK,R019,sentinel-2b,4.11,Late Monsoon Retreat / Transition,Monsoon & Retreat Green Season (Retreat Peak),Zone_C_50m,50 m radius circle (81 pixels),81,81,81,100.0,81,0,0,0,0,0.7709,0.5011,0.4932,2.0176
Date-Level Extraction,Monsoon & Retreat Green Season Composite,OC-Q4,Opencast,2024-10-06,2024-10-06T05:12:41.715000Z,2024-10-06 10:42:41,S2B_44QPK_20241006_0_L2A,44QPK,R019,sentinel-2b,4.11,Late Monsoon Retreat / Transition,Monsoon & Retreat Green Season (Retreat Peak),Zone_D_100m,100 m radius circle (317 pixels),317,317,317,100.0,317,0,0,0,0,0.7486,0.5001,0.4724,1.9346
Date-Level Extraction,Monsoon & Retreat Green Season Composite,OC-Q5,Opencast,2024-10-06,2024-10-06T05:12:41.715000Z,2024-10-06 10:42:41,S2B_44QPK_20241006_0_L2A,44QPK,R019,sentinel-2b,4.11,Late Monsoon Retreat / Transition,Monsoon & Retreat Green Season (Retreat Peak),Zone_A_10m,"10x10 m (1 pixel, quadrat support)",1,1,1,100.0,1,0,0,0,0,0.7491,0.5489,0.4359,1.806
Date-Level Extraction,Monsoon & Retreat Green Season Composite,OC-Q5,Opencast,2024-10-06,2024-10-06T05:12:41.715000Z,2024-10-06 10:42:41,S2B_44QPK_20241006_0_L2A,44QPK,R019,sentinel-2b,4.11,Late Monsoon Retreat / Transition,Monsoon & Retreat Green Season (Retreat Peak),Zone_B_50m,"50x50 m (5x5 window, 25 pixels)",25,25,25,100.0,25,0,0,0,0,0.7126,0.5125,0.433,1.8135
Date-Level Extraction,Monsoon & Retreat Green Season Composite,OC-Q5,Opencast,2024-10-06,2024-10-06T05:12:41.715000Z,2024-10-06 10:42:41,S2B_44QPK_20241006_0_L2A,44QPK,R019,sentinel-2b,4.11,Late Monsoon Retreat / Transition,Monsoon & Retreat Green Season (Retreat Peak),Zone_C_50m,50 m radius circle (81 pixels),81,81,81,100.0,81,0,0,0,0,0.6987,0.4866,0.4174,1.8043
Date-Level Extraction,Monsoon & Retreat Green Season Composite,OC-Q5,Opencast,2024-10-06,2024-10-06T05:12:41.715000Z,2024-10-06 10:42:41,S2B_44QPK_20241006_0_L2A,44QPK,R019,sentinel-2b,4.11,Late Monsoon Retreat / Transition,Monsoon & Retreat Green Season (Retreat Peak),Zone_D_100m,100 m radius circle (317 pixels),317,317,317,100.0,317,0,0,0,0,0.6875,0.4677,0.406,1.788
Date-Level Extraction,Post-monsoon Winter Composite,UG-Q1,Underground,2024-11-20,2024-11-20T05:12:40.676000Z,2024-11-20 10:42:40,S2A_44QPK_20241120_0_L2A,44QPK,R019,sentinel-2a,0.0,Post-monsoon Winter,Post-monsoon Winter (Acquisition 1),Zone_A_10m,"10x10 m (1 pixel, quadrat support)",1,1,1,100.0,1,0,0,0,0,0.5618,0.3672,0.2745,1.5176
Date-Level Extraction,Post-monsoon Winter Composite,UG-Q1,Underground,2024-11-20,2024-11-20T05:12:40.676000Z,2024-11-20 10:42:40,S2A_44QPK_20241120_0_L2A,44QPK,R019,sentinel-2a,0.0,Post-monsoon Winter,Post-monsoon Winter (Acquisition 1),Zone_B_50m,"50x50 m (5x5 window, 25 pixels)",25,25,25,100.0,4,21,0,0,0,0.4346,0.2848,0.2509,1.471
Date-Level Extraction,Post-monsoon Winter Composite,UG-Q1,Underground,2024-11-20,2024-11-20T05:12:40.676000Z,2024-11-20 10:42:40,S2A_44QPK_20241120_0_L2A,44QPK,R019,sentinel-2a,0.0,Post-monsoon Winter,Post-monsoon Winter (Acquisition 1),Zone_C_50m,50 m radius circle (81 pixels),81,81,81,100.0,4,77,0,0,0,0.4021,0.2641,0.2568,1.4471
Date-Level Extraction,Post-monsoon Winter Composite,UG-Q1,Underground,2024-11-20,2024-11-20T05:12:40.676000Z,2024-11-20 10:42:40,S2A_44QPK_20241120_0_L2A,44QPK,R019,sentinel-2a,0.0,Post-monsoon Winter,Post-monsoon Winter (Acquisition 1),Zone_D_100m,100 m radius circle (317 pixels),317,317,317,100.0,57,260,0,0,0,0.4472,0.2951,0.2802,1.4933
Date-Level Extraction,Post-monsoon Winter Composite,UG-Q2,Underground,2024-11-20,2024-11-20T05:12:40.676000Z,2024-11-20 10:42:40,S2A_44QPK_20241120_0_L2A,44QPK,R019,sentinel-2a,0.0,Post-monsoon Winter,Post-monsoon Winter (Acquisition 1),Zone_A_10m,"10x10 m (1 pixel, quadrat support)",1,1,1,100.0,0,1,0,0,0,0.5092,0.2734,0.2091,1.608
Date-Level Extraction,Post-monsoon Winter Composite,UG-Q2,Underground,2024-11-20,2024-11-20T05:12:40.676000Z,2024-11-20 10:42:40,S2A_44QPK_20241120_0_L2A,44QPK,R019,sentinel-2a,0.0,Post-monsoon Winter,Post-monsoon Winter (Acquisition 1),Zone_B_50m,"50x50 m (5x5 window, 25 pixels)",25,25,25,100.0,0,25,0,0,0,0.4865,0.2963,0.2636,1.5438
Date-Level Extraction,Post-monsoon Winter Composite,UG-Q2,Underground,2024-11-20,2024-11-20T05:12:40.676000Z,2024-11-20 10:42:40,S2A_44QPK_20241120_0_L2A,44QPK,R019,sentinel-2a,0.0,Post-monsoon Winter,Post-monsoon Winter (Acquisition 1),Zone_C_50m,50 m radius circle (81 pixels),81,81,81,100.0,0,81,0,0,0,0.4201,0.2613,0.2482,1.4668
Date-Level Extraction,Post-monsoon Winter Composite,UG-Q2,Underground,2024-11-20,2024-11-20T05:12:40.676000Z,2024-11-20 10:42:40,S2A_44QPK_20241120_0_L2A,44QPK,R019,sentinel-2a,0.0,Post-monsoon Winter,Post-monsoon Winter (Acquisition 1),Zone_D_100m,100 m radius circle (317 pixels),317,317,317,100.0,14,303,0,0,0,0.3836,0.2433,0.2384,1.4259
Date-Level Extraction,Post-monsoon Winter Composite,UG-Q3,Underground,2024-11-20,2024-11-20T05:12:40.676000Z,2024-11-20 10:42:40,S2A_44QPK_20241120_0_L2A,44QPK,R019,sentinel-2a,0.0,Post-monsoon Winter,Post-monsoon Winter (Acquisition 1),Zone_A_10m,"10x10 m (1 pixel, quadrat support)",1,1,1,100.0,0,1,0,0,0,0.4493,0.2099,0.1211,1.538
Date-Level Extraction,Post-monsoon Winter Composite,UG-Q3,Underground,2024-11-20,2024-11-20T05:12:40.676000Z,2024-11-20 10:42:40,S2A_44QPK_20241120_0_L2A,44QPK,R019,sentinel-2a,0.0,Post-monsoon Winter,Post-monsoon Winter (Acquisition 1),Zone_B_50m,"50x50 m (5x5 window, 25 pixels)",25,25,25,100.0,0,25,0,0,0,0.3279,0.1955,0.1635,1.511
Date-Level Extraction,Post-monsoon Winter Composite,UG-Q3,Underground,2024-11-20,2024-11-20T05:12:40.676000Z,2024-11-20 10:42:40,S2A_44QPK_20241120_0_L2A,44QPK,R019,sentinel-2a,0.0,Post-monsoon Winter,Post-monsoon Winter (Acquisition 1),Zone_C_50m,50 m radius circle (81 pixels),81,81,81,100.0,0,81,0,0,0,0.2884,0.1783,0.1579,1.4472
Date-Level Extraction,Post-monsoon Winter Composite,UG-Q3,Underground,2024-11-20,2024-11-20T05:12:40.676000Z,2024-11-20 10:42:40,S2A_44QPK_20241120_0_L2A,44QPK,R019,sentinel-2a,0.0,Post-monsoon Winter,Post-monsoon Winter (Acquisition 1),Zone_D_100m,100 m radius circle (317 pixels),317,317,317,100.0,0,317,0,0,0,0.3002,0.1911,0.1783,1.4032
Date-Level Extraction,Post-monsoon Winter Composite,UG-Q4,Underground,2024-11-20,2024-11-20T05:12:40.676000Z,2024-11-20 10:42:40,S2A_44QPK_20241120_0_L2A,44QPK,R019,sentinel-2a,0.0,Post-monsoon Winter,Post-monsoon Winter (Acquisition 1),Zone_A_10m,"10x10 m (1 pixel, quadrat support)",1,1,1,100.0,0,1,0,0,0,0.5736,0.3519,0.3595,1.6564
Date-Level Extraction,Post-monsoon Winter Composite,UG-Q4,Underground,2024-11-20,2024-11-20T05:12:40.676000Z,2024-11-20 10:42:40,S2A_44QPK_20241120_0_L2A,44QPK,R019,sentinel-2a,0.0,Post-monsoon Winter,Post-monsoon Winter (Acquisition 1),Zone_B_50m,"50x50 m (5x5 window, 25 pixels)",25,25,25,100.0,0,25,0,0,0,0.5099,0.2997,0.3321,1.6427
Date-Level Extraction,Post-monsoon Winter Composite,UG-Q4,Underground,2024-11-20,2024-11-20T05:12:40.676000Z,2024-11-20 10:42:40,S2A_44QPK_20241120_0_L2A,44QPK,R019,sentinel-2a,0.0,Post-monsoon Winter,Post-monsoon Winter (Acquisition 1),Zone_C_50m,50 m radius circle (81 pixels),81,81,81,100.0,0,81,0,0,0,0.4716,0.2678,0.3019,1.6175
Date-Level Extraction,Post-monsoon Winter Composite,UG-Q4,Underground,2024-11-20,2024-11-20T05:12:40.676000Z,2024-11-20 10:42:40,S2A_44QPK_20241120_0_L2A,44QPK,R019,sentinel-2a,0.0,Post-monsoon Winter,Post-monsoon Winter (Acquisition 1),Zone_D_100m,100 m radius circle (317 pixels),317,317,317,100.0,4,313,0,0,0,0.4305,0.2588,0.2766,1.4577
Date-Level Extraction,Post-monsoon Winter Composite,UG-Q5,Underground,2024-11-20,2024-11-20T05:12:40.676000Z,2024-11-20 10:42:40,S2A_44QPK_20241120_0_L2A,44QPK,R019,sentinel-2a,0.0,Post-monsoon Winter,Post-monsoon Winter (Acquisition 1),Zone_A_10m,"10x10 m (1 pixel, quadrat support)",1,1,1,100.0,1,0,0,0,0,0.4139,0.2616,0.3224,1.532
Date-Level Extraction,Post-monsoon Winter Composite,UG-Q5,Underground,2024-11-20,2024-11-20T05:12:40.676000Z,2024-11-20 10:42:40,S2A_44QPK_20241120_0_L2A,44QPK,R019,sentinel-2a,0.0,Post-monsoon Winter,Post-monsoon Winter (Acquisition 1),Zone_B_50m,"50x50 m (5x5 window, 25 pixels)",25,25,25,100.0,11,14,0,0,0,0.5338,0.3331,0.3684,1.6371
Date-Level Extraction,Post-monsoon Winter Composite,UG-Q5,Underground,2024-11-20,2024-11-20T05:12:40.676000Z,2024-11-20 10:42:40,S2A_44QPK_20241120_0_L2A,44QPK,R019,sentinel-2a,0.0,Post-monsoon Winter,Post-monsoon Winter (Acquisition 1),Zone_C_50m,50 m radius circle (81 pixels),81,81,81,100.0,49,32,0,0,0,0.6035,0.385,0.406,1.7797
Date-Level Extraction,Post-monsoon Winter Composite,UG-Q5,Underground,2024-11-20,2024-11-20T05:12:40.676000Z,2024-11-20 10:42:40,S2A_44QPK_20241120_0_L2A,44QPK,R019,sentinel-2a,0.0,Post-monsoon Winter,Post-monsoon Winter (Acquisition 1),Zone_D_100m,100 m radius circle (317 pixels),317,317,317,100.0,252,65,0,0,0,0.6504,0.4229,0.4238,1.9292
Date-Level Extraction,Post-monsoon Winter Composite,OC-Q1,Opencast,2024-11-20,2024-11-20T05:12:40.676000Z,2024-11-20 10:42:40,S2A_44QPK_20241120_0_L2A,44QPK,R019,sentinel-2a,0.0,Post-monsoon Winter,Post-monsoon Winter (Acquisition 1),Zone_A_10m,"10x10 m (1 pixel, quadrat support)",1,1,1,100.0,0,1,0,0,0,0.4722,0.2424,0.3192,1.8782
Date-Level Extraction,Post-monsoon Winter Composite,OC-Q1,Opencast,2024-11-20,2024-11-20T05:12:40.676000Z,2024-11-20 10:42:40,S2A_44QPK_20241120_0_L2A,44QPK,R019,sentinel-2a,0.0,Post-monsoon Winter,Post-monsoon Winter (Acquisition 1),Zone_B_50m,"50x50 m (5x5 window, 25 pixels)",25,25,25,100.0,0,25,0,0,0,0.5056,0.2828,0.3612,1.8531
Date-Level Extraction,Post-monsoon Winter Composite,OC-Q1,Opencast,2024-11-20,2024-11-20T05:12:40.676000Z,2024-11-20 10:42:40,S2A_44QPK_20241120_0_L2A,44QPK,R019,sentinel-2a,0.0,Post-monsoon Winter,Post-monsoon Winter (Acquisition 1),Zone_C_50m,50 m radius circle (81 pixels),81,81,81,100.0,0,81,0,0,0,0.5035,0.2803,0.3563,1.799
Date-Level Extraction,Post-monsoon Winter Composite,OC-Q1,Opencast,2024-11-20,2024-11-20T05:12:40.676000Z,2024-11-20 10:42:40,S2A_44QPK_20241120_0_L2A,44QPK,R019,sentinel-2a,0.0,Post-monsoon Winter,Post-monsoon Winter (Acquisition 1),Zone_D_100m,100 m radius circle (317 pixels),317,317,263,82.97,0,263,0,54,0,0.4739,0.2606,0.3308,1.7084
Date-Level Extraction,Post-monsoon Winter Composite,OC-Q2,Opencast,2024-11-20,2024-11-20T05:12:40.676000Z,2024-11-20 10:42:40,S2A_44QPK_20241120_0_L2A,44QPK,R019,sentinel-2a,0.0,Post-monsoon Winter,Post-monsoon Winter (Acquisition 1),Zone_A_10m,"10x10 m (1 pixel, quadrat support)",1,1,1,100.0,0,1,0,0,0,0.3738,0.2371,0.2741,1.3381
Date-Level Extraction,Post-monsoon Winter Composite,OC-Q2,Opencast,2024-11-20,2024-11-20T05:12:40.676000Z,2024-11-20 10:42:40,S2A_44QPK_20241120_0_L2A,44QPK,R019,sentinel-2a,0.0,Post-monsoon Winter,Post-monsoon Winter (Acquisition 1),Zone_B_50m,"50x50 m (5x5 window, 25 pixels)",25,25,25,100.0,0,25,0,0,0,0.3761,0.2354,0.2364,1.3414
Date-Level Extraction,Post-monsoon Winter Composite,OC-Q2,Opencast,2024-11-20,2024-11-20T05:12:40.676000Z,2024-11-20 10:42:40,S2A_44QPK_20241120_0_L2A,44QPK,R019,sentinel-2a,0.0,Post-monsoon Winter,Post-monsoon Winter (Acquisition 1),Zone_C_50m,50 m radius circle (81 pixels),81,81,81,100.0,0,81,0,0,0,0.3618,0.2213,0.2332,1.3738
Date-Level Extraction,Post-monsoon Winter Composite,OC-Q2,Opencast,2024-11-20,2024-11-20T05:12:40.676000Z,2024-11-20 10:42:40,S2A_44QPK_20241120_0_L2A,44QPK,R019,sentinel-2a,0.0,Post-monsoon Winter,Post-monsoon Winter (Acquisition 1),Zone_D_100m,100 m radius circle (317 pixels),317,317,317,100.0,0,317,0,0,0,0.3458,0.2091,0.2197,1.3899
Date-Level Extraction,Post-monsoon Winter Composite,OC-Q3,Opencast,2024-11-20,2024-11-20T05:12:40.676000Z,2024-11-20 10:42:40,S2A_44QPK_20241120_0_L2A,44QPK,R019,sentinel-2a,0.0,Post-monsoon Winter,Post-monsoon Winter (Acquisition 1),Zone_A_10m,"10x10 m (1 pixel, quadrat support)",1,1,1,100.0,0,1,0,0,0,0.2925,0.1891,0.1282,1.2941
Date-Level Extraction,Post-monsoon Winter Composite,OC-Q3,Opencast,2024-11-20,2024-11-20T05:12:40.676000Z,2024-11-20 10:42:40,S2A_44QPK_20241120_0_L2A,44QPK,R019,sentinel-2a,0.0,Post-monsoon Winter,Post-monsoon Winter (Acquisition 1),Zone_B_50m,"50x50 m (5x5 window, 25 pixels)",25,25,25,100.0,0,25,0,0,0,0.2619,0.1687,0.1489,1.3481
Date-Level Extraction,Post-monsoon Winter Composite,OC-Q3,Opencast,2024-11-20,2024-11-20T05:12:40.676000Z,2024-11-20 10:42:40,S2A_44QPK_20241120_0_L2A,44QPK,R019,sentinel-2a,0.0,Post-monsoon Winter,Post-monsoon Winter (Acquisition 1),Zone_C_50m,50 m radius circle (81 pixels),81,81,81,100.0,0,81,0,0,0,0.2979,0.1936,0.1681,1.3889
Date-Level Extraction,Post-monsoon Winter Composite,OC-Q3,Opencast,2024-11-20,2024-11-20T05:12:40.676000Z,2024-11-20 10:42:40,S2A_44QPK_20241120_0_L2A,44QPK,R019,sentinel-2a,0.0,Post-monsoon Winter,Post-monsoon Winter (Acquisition 1),Zone_D_100m,100 m radius circle (317 pixels),317,317,317,100.0,0,317,0,0,0,0.3188,0.2111,0.1816,1.4404
Date-Level Extraction,Post-monsoon Winter Composite,OC-Q4,Opencast,2024-11-20,2024-11-20T05:12:40.676000Z,2024-11-20 10:42:40,S2A_44QPK_20241120_0_L2A,44QPK,R019,sentinel-2a,0.0,Post-monsoon Winter,Post-monsoon Winter (Acquisition 1),Zone_A_10m,"10x10 m (1 pixel, quadrat support)",1,1,1,100.0,0,1,0,0,0,0.6045,0.3687,0.4066,2.0347
Date-Level Extraction,Post-monsoon Winter Composite,OC-Q4,Opencast,2024-11-20,2024-11-20T05:12:40.676000Z,2024-11-20 10:42:40,S2A_44QPK_20241120_0_L2A,44QPK,R019,sentinel-2a,0.0,Post-monsoon Winter,Post-monsoon Winter (Acquisition 1),Zone_B_50m,"50x50 m (5x5 window, 25 pixels)",25,25,25,100.0,10,15,0,0,0,0.5952,0.3549,0.3792,1.9761
Date-Level Extraction,Post-monsoon Winter Composite,OC-Q4,Opencast,2024-11-20,2024-11-20T05:12:40.676000Z,2024-11-20 10:42:40,S2A_44QPK_20241120_0_L2A,44QPK,R019,sentinel-2a,0.0,Post-monsoon Winter,Post-monsoon Winter (Acquisition 1),Zone_C_50m,50 m radius circle (81 pixels),81,81,81,100.0,24,57,0,0,0,0.5765,0.3487,0.3615,1.9178
Date-Level Extraction,Post-monsoon Winter Composite,OC-Q4,Opencast,2024-11-20,2024-11-20T05:12:40.676000Z,2024-11-20 10:42:40,S2A_44QPK_20241120_0_L2A,44QPK,R019,sentinel-2a,0.0,Post-monsoon Winter,Post-monsoon Winter (Acquisition 1),Zone_D_100m,100 m radius circle (317 pixels),317,317,317,100.0,71,246,0,0,0,0.5526,0.3422,0.3414,1.8402
Date-Level Extraction,Post-monsoon Winter Composite,OC-Q5,Opencast,2024-11-20,2024-11-20T05:12:40.676000Z,2024-11-20 10:42:40,S2A_44QPK_20241120_0_L2A,44QPK,R019,sentinel-2a,0.0,Post-monsoon Winter,Post-monsoon Winter (Acquisition 1),Zone_A_10m,"10x10 m (1 pixel, quadrat support)",1,1,1,100.0,0,1,0,0,0,0.4739,0.2868,0.2617,1.6709
Date-Level Extraction,Post-monsoon Winter Composite,OC-Q5,Opencast,2024-11-20,2024-11-20T05:12:40.676000Z,2024-11-20 10:42:40,S2A_44QPK_20241120_0_L2A,44QPK,R019,sentinel-2a,0.0,Post-monsoon Winter,Post-monsoon Winter (Acquisition 1),Zone_B_50m,"50x50 m (5x5 window, 25 pixels)",25,25,25,100.0,0,25,0,0,0,0.4725,0.2948,0.2716,1.6703
Date-Level Extraction,Post-monsoon Winter Composite,OC-Q5,Opencast,2024-11-20,2024-11-20T05:12:40.676000Z,2024-11-20 10:42:40,S2A_44QPK_20241120_0_L2A,44QPK,R019,sentinel-2a,0.0,Post-monsoon Winter,Post-monsoon Winter (Acquisition 1),Zone_C_50m,50 m radius circle (81 pixels),81,81,81,100.0,0,81,0,0,0,0.4692,0.2946,0.2724,1.6619
Date-Level Extraction,Post-monsoon Winter Composite,OC-Q5,Opencast,2024-11-20,2024-11-20T05:12:40.676000Z,2024-11-20 10:42:40,S2A_44QPK_20241120_0_L2A,44QPK,R019,sentinel-2a,0.0,Post-monsoon Winter,Post-monsoon Winter (Acquisition 1),Zone_D_100m,100 m radius circle (317 pixels),317,317,317,100.0,2,315,0,0,0,0.4748,0.2974,0.2754,1.6625
Date-Level Extraction,Post-monsoon Winter Composite,UG-Q1,Underground,2024-12-30,2024-12-30T05:12:42.094000Z,2024-12-30 10:42:42,S2A_44QPK_20241230_0_L2A,44QPK,R019,sentinel-2a,0.49,Post-monsoon Winter,Post-monsoon Winter (Acquisition 2),Zone_A_10m,"10x10 m (1 pixel, quadrat support)",1,1,1,100.0,1,0,0,0,0,0.5934,0.332,0.2568,1.4225
Date-Level Extraction,Post-monsoon Winter Composite,UG-Q1,Underground,2024-12-30,2024-12-30T05:12:42.094000Z,2024-12-30 10:42:42,S2A_44QPK_20241230_0_L2A,44QPK,R019,sentinel-2a,0.49,Post-monsoon Winter,Post-monsoon Winter (Acquisition 2),Zone_B_50m,"50x50 m (5x5 window, 25 pixels)",25,25,25,100.0,8,17,0,0,0,0.3984,0.2239,0.2105,1.3981
Date-Level Extraction,Post-monsoon Winter Composite,UG-Q1,Underground,2024-12-30,2024-12-30T05:12:42.094000Z,2024-12-30 10:42:42,S2A_44QPK_20241230_0_L2A,44QPK,R019,sentinel-2a,0.49,Post-monsoon Winter,Post-monsoon Winter (Acquisition 2),Zone_C_50m,50 m radius circle (81 pixels),81,81,81,100.0,9,72,0,0,0,0.3591,0.2022,0.2089,1.3722
Date-Level Extraction,Post-monsoon Winter Composite,UG-Q1,Underground,2024-12-30,2024-12-30T05:12:42.094000Z,2024-12-30 10:42:42,S2A_44QPK_20241230_0_L2A,44QPK,R019,sentinel-2a,0.49,Post-monsoon Winter,Post-monsoon Winter (Acquisition 2),Zone_D_100m,100 m radius circle (317 pixels),317,317,317,100.0,70,247,0,0,0,0.4061,0.2298,0.234,1.4114
Date-Level Extraction,Post-monsoon Winter Composite,UG-Q2,Underground,2024-12-30,2024-12-30T05:12:42.094000Z,2024-12-30 10:42:42,S2A_44QPK_20241230_0_L2A,44QPK,R019,sentinel-2a,0.49,Post-monsoon Winter,Post-monsoon Winter (Acquisition 2),Zone_A_10m,"10x10 m (1 pixel, quadrat support)",1,1,1,100.0,1,0,0,0,0,0.5616,0.2468,0.1593,1.6039
Date-Level Extraction,Post-monsoon Winter Composite,UG-Q2,Underground,2024-12-30,2024-12-30T05:12:42.094000Z,2024-12-30 10:42:42,S2A_44QPK_20241230_0_L2A,44QPK,R019,sentinel-2a,0.49,Post-monsoon Winter,Post-monsoon Winter (Acquisition 2),Zone_B_50m,"50x50 m (5x5 window, 25 pixels)",25,25,25,100.0,12,13,0,0,0,0.4951,0.2695,0.2535,1.5457
Date-Level Extraction,Post-monsoon Winter Composite,UG-Q2,Underground,2024-12-30,2024-12-30T05:12:42.094000Z,2024-12-30 10:42:42,S2A_44QPK_20241230_0_L2A,44QPK,R019,sentinel-2a,0.49,Post-monsoon Winter,Post-monsoon Winter (Acquisition 2),Zone_C_50m,50 m radius circle (81 pixels),81,81,81,100.0,22,59,0,0,0,0.4152,0.2329,0.2287,1.4669
Date-Level Extraction,Post-monsoon Winter Composite,UG-Q2,Underground,2024-12-30,2024-12-30T05:12:42.094000Z,2024-12-30 10:42:42,S2A_44QPK_20241230_0_L2A,44QPK,R019,sentinel-2a,0.49,Post-monsoon Winter,Post-monsoon Winter (Acquisition 2),Zone_D_100m,100 m radius circle (317 pixels),317,317,317,100.0,52,265,0,0,0,0.3656,0.2114,0.2217,1.4131
Date-Level Extraction,Post-monsoon Winter Composite,UG-Q3,Underground,2024-12-30,2024-12-30T05:12:42.094000Z,2024-12-30 10:42:42,S2A_44QPK_20241230_0_L2A,44QPK,R019,sentinel-2a,0.49,Post-monsoon Winter,Post-monsoon Winter (Acquisition 2),Zone_A_10m,"10x10 m (1 pixel, quadrat support)",1,1,1,100.0,0,1,0,0,0,0.48,0.149,0.0995,1.6269
Date-Level Extraction,Post-monsoon Winter Composite,UG-Q3,Underground,2024-12-30,2024-12-30T05:12:42.094000Z,2024-12-30 10:42:42,S2A_44QPK_20241230_0_L2A,44QPK,R019,sentinel-2a,0.49,Post-monsoon Winter,Post-monsoon Winter (Acquisition 2),Zone_B_50m,"50x50 m (5x5 window, 25 pixels)",25,25,25,100.0,9,16,0,0,0,0.3694,0.1757,0.1516,1.5358
Date-Level Extraction,Post-monsoon Winter Composite,UG-Q3,Underground,2024-12-30,2024-12-30T05:12:42.094000Z,2024-12-30 10:42:42,S2A_44QPK_20241230_0_L2A,44QPK,R019,sentinel-2a,0.49,Post-monsoon Winter,Post-monsoon Winter (Acquisition 2),Zone_C_50m,50 m radius circle (81 pixels),81,81,81,100.0,24,57,0,0,0,0.3186,0.1568,0.1501,1.4436
Date-Level Extraction,Post-monsoon Winter Composite,UG-Q3,Underground,2024-12-30,2024-12-30T05:12:42.094000Z,2024-12-30 10:42:42,S2A_44QPK_20241230_0_L2A,44QPK,R019,sentinel-2a,0.49,Post-monsoon Winter,Post-monsoon Winter (Acquisition 2),Zone_D_100m,100 m radius circle (317 pixels),317,317,317,100.0,66,251,0,0,0,0.3256,0.1774,0.1894,1.4242
Date-Level Extraction,Post-monsoon Winter Composite,UG-Q4,Underground,2024-12-30,2024-12-30T05:12:42.094000Z,2024-12-30 10:42:42,S2A_44QPK_20241230_0_L2A,44QPK,R019,sentinel-2a,0.49,Post-monsoon Winter,Post-monsoon Winter (Acquisition 2),Zone_A_10m,"10x10 m (1 pixel, quadrat support)",1,1,1,100.0,1,0,0,0,0,0.5805,0.3274,0.389,1.6152
Date-Level Extraction,Post-monsoon Winter Composite,UG-Q4,Underground,2024-12-30,2024-12-30T05:12:42.094000Z,2024-12-30 10:42:42,S2A_44QPK_20241230_0_L2A,44QPK,R019,sentinel-2a,0.49,Post-monsoon Winter,Post-monsoon Winter (Acquisition 2),Zone_B_50m,"50x50 m (5x5 window, 25 pixels)",25,25,25,100.0,17,8,0,0,0,0.583,0.3148,0.36,1.6471
Date-Level Extraction,Post-monsoon Winter Composite,UG-Q4,Underground,2024-12-30,2024-12-30T05:12:42.094000Z,2024-12-30 10:42:42,S2A_44QPK_20241230_0_L2A,44QPK,R019,sentinel-2a,0.49,Post-monsoon Winter,Post-monsoon Winter (Acquisition 2),Zone_C_50m,50 m radius circle (81 pixels),81,81,81,100.0,64,17,0,0,0,0.5761,0.3005,0.345,1.661
Date-Level Extraction,Post-monsoon Winter Composite,UG-Q4,Underground,2024-12-30,2024-12-30T05:12:42.094000Z,2024-12-30 10:42:42,S2A_44QPK_20241230_0_L2A,44QPK,R019,sentinel-2a,0.49,Post-monsoon Winter,Post-monsoon Winter (Acquisition 2),Zone_D_100m,100 m radius circle (317 pixels),317,317,317,100.0,156,161,0,0,0,0.4933,0.2686,0.3027,1.4812
Date-Level Extraction,Post-monsoon Winter Composite,UG-Q5,Underground,2024-12-30,2024-12-30T05:12:42.094000Z,2024-12-30 10:42:42,S2A_44QPK_20241230_0_L2A,44QPK,R019,sentinel-2a,0.49,Post-monsoon Winter,Post-monsoon Winter (Acquisition 2),Zone_A_10m,"10x10 m (1 pixel, quadrat support)",1,1,1,100.0,1,0,0,0,0,0.3837,0.2128,0.2989,1.5279
Date-Level Extraction,Post-monsoon Winter Composite,UG-Q5,Underground,2024-12-30,2024-12-30T05:12:42.094000Z,2024-12-30 10:42:42,S2A_44QPK_20241230_0_L2A,44QPK,R019,sentinel-2a,0.49,Post-monsoon Winter,Post-monsoon Winter (Acquisition 2),Zone_B_50m,"50x50 m (5x5 window, 25 pixels)",25,25,25,100.0,15,10,0,0,0,0.5419,0.3022,0.3511,1.6287
Date-Level Extraction,Post-monsoon Winter Composite,UG-Q5,Underground,2024-12-30,2024-12-30T05:12:42.094000Z,2024-12-30 10:42:42,S2A_44QPK_20241230_0_L2A,44QPK,R019,sentinel-2a,0.49,Post-monsoon Winter,Post-monsoon Winter (Acquisition 2),Zone_C_50m,50 m radius circle (81 pixels),81,81,81,100.0,63,18,0,0,0,0.6201,0.3469,0.3801,1.7667
Date-Level Extraction,Post-monsoon Winter Composite,UG-Q5,Underground,2024-12-30,2024-12-30T05:12:42.094000Z,2024-12-30 10:42:42,S2A_44QPK_20241230_0_L2A,44QPK,R019,sentinel-2a,0.49,Post-monsoon Winter,Post-monsoon Winter (Acquisition 2),Zone_D_100m,100 m radius circle (317 pixels),317,317,317,100.0,276,41,0,0,0,0.665,0.3751,0.3919,1.897
Date-Level Extraction,Post-monsoon Winter Composite,OC-Q1,Opencast,2024-12-30,2024-12-30T05:12:42.094000Z,2024-12-30 10:42:42,S2A_44QPK_20241230_0_L2A,44QPK,R019,sentinel-2a,0.49,Post-monsoon Winter,Post-monsoon Winter (Acquisition 2),Zone_A_10m,"10x10 m (1 pixel, quadrat support)",1,1,1,100.0,1,0,0,0,0,0.6858,0.2823,0.4313,2.1412
Date-Level Extraction,Post-monsoon Winter Composite,OC-Q1,Opencast,2024-12-30,2024-12-30T05:12:42.094000Z,2024-12-30 10:42:42,S2A_44QPK_20241230_0_L2A,44QPK,R019,sentinel-2a,0.49,Post-monsoon Winter,Post-monsoon Winter (Acquisition 2),Zone_B_50m,"50x50 m (5x5 window, 25 pixels)",25,25,25,100.0,25,0,0,0,0,0.7249,0.3518,0.512,2.0829
Date-Level Extraction,Post-monsoon Winter Composite,OC-Q1,Opencast,2024-12-30,2024-12-30T05:12:42.094000Z,2024-12-30 10:42:42,S2A_44QPK_20241230_0_L2A,44QPK,R019,sentinel-2a,0.49,Post-monsoon Winter,Post-monsoon Winter (Acquisition 2),Zone_C_50m,50 m radius circle (81 pixels),81,81,81,100.0,81,0,0,0,0,0.7187,0.3504,0.5055,2.0146
Date-Level Extraction,Post-monsoon Winter Composite,OC-Q1,Opencast,2024-12-30,2024-12-30T05:12:42.094000Z,2024-12-30 10:42:42,S2A_44QPK_20241230_0_L2A,44QPK,R019,sentinel-2a,0.49,Post-monsoon Winter,Post-monsoon Winter (Acquisition 2),Zone_D_100m,100 m radius circle (317 pixels),317,317,317,100.0,248,69,0,0,0,0.6588,0.3017,0.4498,1.8588
Date-Level Extraction,Post-monsoon Winter Composite,OC-Q2,Opencast,2024-12-30,2024-12-30T05:12:42.094000Z,2024-12-30 10:42:42,S2A_44QPK_20241230_0_L2A,44QPK,R019,sentinel-2a,0.49,Post-monsoon Winter,Post-monsoon Winter (Acquisition 2),Zone_A_10m,"10x10 m (1 pixel, quadrat support)",1,1,1,100.0,0,1,0,0,0,0.4533,0.2639,0.3541,1.3465
Date-Level Extraction,Post-monsoon Winter Composite,OC-Q2,Opencast,2024-12-30,2024-12-30T05:12:42.094000Z,2024-12-30 10:42:42,S2A_44QPK_20241230_0_L2A,44QPK,R019,sentinel-2a,0.49,Post-monsoon Winter,Post-monsoon Winter (Acquisition 2),Zone_B_50m,"50x50 m (5x5 window, 25 pixels)",25,25,25,100.0,2,23,0,0,0,0.4691,0.2448,0.281,1.3554
Date-Level Extraction,Post-monsoon Winter Composite,OC-Q2,Opencast,2024-12-30,2024-12-30T05:12:42.094000Z,2024-12-30 10:42:42,S2A_44QPK_20241230_0_L2A,44QPK,R019,sentinel-2a,0.49,Post-monsoon Winter,Post-monsoon Winter (Acquisition 2),Zone_C_50m,50 m radius circle (81 pixels),81,81,81,100.0,21,60,0,0,0,0.4431,0.2248,0.2732,1.3748
Date-Level Extraction,Post-monsoon Winter Composite,OC-Q2,Opencast,2024-12-30,2024-12-30T05:12:42.094000Z,2024-12-30 10:42:42,S2A_44QPK_20241230_0_L2A,44QPK,R019,sentinel-2a,0.49,Post-monsoon Winter,Post-monsoon Winter (Acquisition 2),Zone_D_100m,100 m radius circle (317 pixels),317,317,317,100.0,77,240,0,0,0,0.4115,0.2075,0.2489,1.3782
Date-Level Extraction,Post-monsoon Winter Composite,OC-Q3,Opencast,2024-12-30,2024-12-30T05:12:42.094000Z,2024-12-30 10:42:42,S2A_44QPK_20241230_0_L2A,44QPK,R019,sentinel-2a,0.49,Post-monsoon Winter,Post-monsoon Winter (Acquisition 2),Zone_A_10m,"10x10 m (1 pixel, quadrat support)",1,1,1,100.0,0,1,0,0,0,0.2824,0.18,0.0846,1.0499
Date-Level Extraction,Post-monsoon Winter Composite,OC-Q3,Opencast,2024-12-30,2024-12-30T05:12:42.094000Z,2024-12-30 10:42:42,S2A_44QPK_20241230_0_L2A,44QPK,R019,sentinel-2a,0.49,Post-monsoon Winter,Post-monsoon Winter (Acquisition 2),Zone_B_50m,"50x50 m (5x5 window, 25 pixels)",25,25,25,100.0,0,25,0,0,0,0.2353,0.1301,0.1175,1.197
Date-Level Extraction,Post-monsoon Winter Composite,OC-Q3,Opencast,2024-12-30,2024-12-30T05:12:42.094000Z,2024-12-30 10:42:42,S2A_44QPK_20241230_0_L2A,44QPK,R019,sentinel-2a,0.49,Post-monsoon Winter,Post-monsoon Winter (Acquisition 2),Zone_C_50m,50 m radius circle (81 pixels),81,81,81,100.0,7,74,0,0,0,0.288,0.1568,0.1429,1.3271
Date-Level Extraction,Post-monsoon Winter Composite,OC-Q3,Opencast,2024-12-30,2024-12-30T05:12:42.094000Z,2024-12-30 10:42:42,S2A_44QPK_20241230_0_L2A,44QPK,R019,sentinel-2a,0.49,Post-monsoon Winter,Post-monsoon Winter (Acquisition 2),Zone_D_100m,100 m radius circle (317 pixels),317,317,317,100.0,20,297,0,0,0,0.2922,0.1625,0.1525,1.3971
Date-Level Extraction,Post-monsoon Winter Composite,OC-Q4,Opencast,2024-12-30,2024-12-30T05:12:42.094000Z,2024-12-30 10:42:42,S2A_44QPK_20241230_0_L2A,44QPK,R019,sentinel-2a,0.49,Post-monsoon Winter,Post-monsoon Winter (Acquisition 2),Zone_A_10m,"10x10 m (1 pixel, quadrat support)",1,1,1,100.0,1,0,0,0,0,0.7361,0.4083,0.4481,2.0381
Date-Level Extraction,Post-monsoon Winter Composite,OC-Q4,Opencast,2024-12-30,2024-12-30T05:12:42.094000Z,2024-12-30 10:42:42,S2A_44QPK_20241230_0_L2A,44QPK,R019,sentinel-2a,0.49,Post-monsoon Winter,Post-monsoon Winter (Acquisition 2),Zone_B_50m,"50x50 m (5x5 window, 25 pixels)",25,25,25,100.0,25,0,0,0,0,0.6985,0.3547,0.3925,1.9383
Date-Level Extraction,Post-monsoon Winter Composite,OC-Q4,Opencast,2024-12-30,2024-12-30T05:12:42.094000Z,2024-12-30 10:42:42,S2A_44QPK_20241230_0_L2A,44QPK,R019,sentinel-2a,0.49,Post-monsoon Winter,Post-monsoon Winter (Acquisition 2),Zone_C_50m,50 m radius circle (81 pixels),81,81,81,100.0,71,10,0,0,0,0.6421,0.3269,0.3622,1.844
Date-Level Extraction,Post-monsoon Winter Composite,OC-Q4,Opencast,2024-12-30,2024-12-30T05:12:42.094000Z,2024-12-30 10:42:42,S2A_44QPK_20241230_0_L2A,44QPK,R019,sentinel-2a,0.49,Post-monsoon Winter,Post-monsoon Winter (Acquisition 2),Zone_D_100m,100 m radius circle (317 pixels),317,317,317,100.0,195,122,0,0,0,0.5872,0.3023,0.3312,1.7633
Date-Level Extraction,Post-monsoon Winter Composite,OC-Q5,Opencast,2024-12-30,2024-12-30T05:12:42.094000Z,2024-12-30 10:42:42,S2A_44QPK_20241230_0_L2A,44QPK,R019,sentinel-2a,0.49,Post-monsoon Winter,Post-monsoon Winter (Acquisition 2),Zone_A_10m,"10x10 m (1 pixel, quadrat support)",1,1,1,100.0,0,1,0,0,0,0.4652,0.2387,0.2537,1.5247
Date-Level Extraction,Post-monsoon Winter Composite,OC-Q5,Opencast,2024-12-30,2024-12-30T05:12:42.094000Z,2024-12-30 10:42:42,S2A_44QPK_20241230_0_L2A,44QPK,R019,sentinel-2a,0.49,Post-monsoon Winter,Post-monsoon Winter (Acquisition 2),Zone_B_50m,"50x50 m (5x5 window, 25 pixels)",25,25,25,100.0,0,25,0,0,0,0.4362,0.2217,0.2336,1.5261
Date-Level Extraction,Post-monsoon Winter Composite,OC-Q5,Opencast,2024-12-30,2024-12-30T05:12:42.094000Z,2024-12-30 10:42:42,S2A_44QPK_20241230_0_L2A,44QPK,R019,sentinel-2a,0.49,Post-monsoon Winter,Post-monsoon Winter (Acquisition 2),Zone_C_50m,50 m radius circle (81 pixels),81,81,81,100.0,1,80,0,0,0,0.4415,0.2288,0.2409,1.5263
Date-Level Extraction,Post-monsoon Winter Composite,OC-Q5,Opencast,2024-12-30,2024-12-30T05:12:42.094000Z,2024-12-30 10:42:42,S2A_44QPK_20241230_0_L2A,44QPK,R019,sentinel-2a,0.49,Post-monsoon Winter,Post-monsoon Winter (Acquisition 2),Zone_D_100m,100 m radius circle (317 pixels),317,317,317,100.0,58,259,0,0,0,0.454,0.2343,0.2454,1.5313
