Quadrat_ID,Mining_type,Spatial_Zone,Season,B02_median,B02_std,B03_median,B03_std,B04_median,B04_std,B05_median,B05_std,B06_median,B06_std,B07_median,B07_std,B08_median,B08_std,B8A_median,B8A_std,B11_median,B11_std,B12_median,B12_std
OC-Q1,Opencast,Zone_A_10m,Monsoon,0.0372,0.0014142135623730937,0.04925,0.004454772721475249,0.0412,0.014142135623730954,0.08365,0.014354267658086919,0.16745,0.013505739520663052,0.19355,0.028496403281817868,0.1859,0.011737972567696691,0.21739999999999998,0.023758787847867998,0.156,0.024748737341529145,0.091,0.027011479041326107
OC-Q1,Opencast,Zone_A_10m,Summer,0.049,0.003252691193458121,0.059399999999999994,0.004808326112068516,0.052199999999999996,0.0031112698372208025,0.0838,0.0007071067811865482,0.12664999999999998,0.00487903679018716,0.1406,0.004384062043356583,0.1403,0.0035355339059327407,0.1572,0.0011313708498984691,0.1521,0.013152186130069759,0.10619999999999999,0.015414927829866741
OC-Q1,Opencast,Zone_A_10m,Winter,0.039599999999999996,0.01668772003600252,0.0508,0.02262741699796952,0.0463,0.024465894629054546,0.0767,0.021071782079359117,0.16399999999999998,0.008061017305526627,0.18895,0.002616295090390242,0.16649999999999998,0.015414927829866736,0.2041,0.003676955262170035,0.1256,0.009050966799187802,0.063,0.010323759005323596
OC-Q1,Opencast,Zone_B_50m,Monsoon,0.0397,0.0008485281374238593,0.0542,0.006363961030678926,0.04445,0.012515790027001894,0.08395,0.01520279579551077,0.16765,0.013505739520663062,0.19440000000000002,0.027152900397563427,0.1988,0.023617366491630678,0.21645,0.02128391411371509,0.15895,0.023829498525986658,0.0938,0.028001428534987285
OC-Q1,Opencast,Zone_B_50m,Summer,0.04915,0.0024748737341529184,0.0606,0.0038183766184073558,0.0565,0.00311126983722081,0.08460000000000001,0.0012727922061357975,0.12865,0.0033234018715767705,0.14255,0.0027577164466275356,0.1478,0.0018384776310850272,0.15839999999999999,0.002121320343559615,0.15489999999999998,0.013293607486307112,0.10930000000000001,0.014283556979968262
OC-Q1,Opencast,Zone_B_50m,Winter,0.042550000000000004,0.018314065632731583,0.0547,0.02177888886054566,0.04725,0.023688077169749345,0.0766,0.021071782079359117,0.16145,0.0031819805153394665,0.18625,0.0006363961030679012,0.19465,0.0017677669529663704,0.20315,0.005444722215136405,0.1274,0.008202438661763966,0.06520000000000001,0.009475230867899741
OC-Q1,Opencast,Zone_C_50m,Monsoon,0.04035,0.00021213203435596788,0.0547,0.006929646455628168,0.04585,0.013505739520663059,0.0843,0.014849242404917492,0.16655,0.013505739520663062,0.19205,0.026233661582020926,0.19545,0.024112341238461257,0.21325,0.02043538597629124,0.16160000000000002,0.023758787847867998,0.09845,0.028496403281817868
OC-Q1,Opencast,Zone_C_50m,Summer,0.0504,0.002687005768508879,0.061900000000000004,0.003818376618407358,0.05875,0.0031819805153394595,0.08710000000000001,0.0016970562748477185,0.13119999999999998,0.0026870057685088695,0.14450000000000002,0.0018384776310850469,0.14945,0.0013435028842544493,0.16005,0.0012020815280171162,0.1602,0.01244507934888324,0.1152,0.013576450198781708
OC-Q1,Opencast,Zone_C_50m,Winter,0.04265,0.01817264427649427,0.0548,0.021496046148071046,0.04755,0.022698127676088177,0.07730000000000001,0.020081832585697953,0.15955000000000003,0.0023334523779156148,0.18330000000000002,0.0022627416997969482,0.19419999999999998,0.0002828427124746173,0.20065,0.0065760930650349035,0.1298,0.006929646455628163,0.0686,0.009050966799187805
OC-Q1,Opencast,Zone_D_100m,Monsoon,0.04345,0.0006363961030678987,0.0572,0.007636753236814716,0.049949999999999994,0.014212846301849602,0.08515,0.01520279579551078,0.1582,0.006929646455628158,0.1821,0.01711198410471445,0.1818,0.013859292911256337,0.20045,0.011384419177103419,0.16415,0.026375082938258222,0.1072,0.02927422074112308
OC-Q1,Opencast,Zone_D_100m,Summer,0.053099999999999994,0.0022627416997969504,0.06435,0.0024748737341529184,0.0622,0.0015556349186104002,0.0892,0.00014142135623731355,0.13115,0.0020506096654409876,0.1442,0.0028284271247461927,0.14595000000000002,0.0037476659402886914,0.15860000000000002,0.004384062043356593,0.16525,0.013930003589374983,0.12405,0.013364318164425763
OC-Q1,Opencast,Zone_D_100m,Winter,0.044,0.017960512242138304,0.056249999999999994,0.021708178182427006,0.0501,0.022768838354206827,0.07825,0.021283914113715073,0.15105000000000002,0.010111626970967645,0.17265,0.00799030662740797,0.18025,0.010253048327204948,0.18819999999999998,0.004808326112068513,0.1321,0.010040916292848968,0.07519999999999999,0.010040916292848973
OC-Q2,Opencast,Zone_A_10m,Monsoon,0.0746,0.003959797974644662,0.09620000000000001,0.008485281374238573,0.0997,0.014566399692442885,0.12475,0.016899852070358483,0.17905,0.0023334523779156148,0.2017,0.012303657992645937,0.2167,0.03125411972844541,0.2202,0.008061017305526627,0.2119,0.022061731573020285,0.17015,0.024960869375885125
OC-Q2,Opencast,Zone_A_10m,Summer,0.07394999999999999,0.0013435028842544348,0.0929,0.0021213203435596446,0.1056,0.0002828427124746271,0.12355,0.0028991378028648397,0.15165,0.0014849242404917434,0.16375,0.001202081528017126,0.1718,0.004242640687119289,0.17945,0.003889087296526015,0.2146,0.014566399692442854,0.1826,0.017819090885900998
OC-Q2,Opencast,Zone_A_10m,Winter,0.0648,0.009758073580374354,0.08665,0.01902117241391813,0.0927,0.0176776695296637,0.11660000000000001,0.021071782079359128,0.1682,0.019233304448274095,0.18755,0.0184554869889689,0.222,0.01244507934888324,0.1946,0.02064751801064719,0.18430000000000002,0.02022325394193526,0.13735,0.015627059864222706
OC-Q2,Opencast,Zone_B_50m,Monsoon,0.0693,0.007636753236814716,0.08785,0.014637110370561531,0.08655,0.02283954903232548,0.1225,0.01810193359837561,0.1784,0.00042426406871192107,0.201,0.008768124086713175,0.20855,0.009828784258492998,0.2198,0.003959797974644662,0.2118,0.023475945135393354,0.16749999999999998,0.026304372260139545
OC-Q2,Opencast,Zone_B_50m,Summer,0.07339999999999999,0.0012727922061357975,0.08875,0.0017677669529663704,0.09525,0.004030508652763329,0.1221,0.001979898987322331,0.15215,0.0019091883092036742,0.16465000000000002,0.002050609665440968,0.16970000000000002,0.001131370849898479,0.1805,0.003818376618407358,0.21394999999999997,0.014778531726798855,0.18015,0.017889801564019644
OC-Q2,Opencast,Zone_B_50m,Winter,0.06315,0.015202795795510765,0.0796,0.019374725804511404,0.0795,0.02107178207935911,0.1137,0.020364675298172562,0.1642,0.01866761902332487,0.18215,0.01817264427649427,0.1945,0.02107178207935911,0.19375,0.01930401512639274,0.1827,0.018809040379562172,0.1361,0.015132085117392108
OC-Q2,Opencast,Zone_C_50m,Monsoon,0.0662,0.007071067811865474,0.08455,0.01378858223313767,0.08299999999999999,0.02149604614807104,0.1195,0.019798989873223333,0.17959999999999998,0.001697056274847694,0.2031,0.007071067811865481,0.20685,0.005303300858899111,0.22215000000000001,0.0010606601717797928,0.2112,0.02687005768508879,0.1623,0.02884995667241114
OC-Q2,Opencast,Zone_C_50m,Summer,0.07025,0.0012020815280171212,0.08515,0.0017677669529663704,0.09075,0.004030508652763324,0.1189,0.002687005768508879,0.15184999999999998,0.002616295090390242,0.16549999999999998,0.002969848480983516,0.16849999999999998,0.002404163056034262,0.1817,0.0033941125496954466,0.21325,0.01534421715174808,0.17615,0.018596908345206192
OC-Q2,Opencast,Zone_C_50m,Winter,0.0629,0.01470782104868019,0.07894999999999999,0.019021172413918118,0.07985,0.019586857838867367,0.11019999999999999,0.019374725804511394,0.15925,0.018031222920256967,0.1765,0.018101933598375596,0.18725,0.020576807332528545,0.19105,0.01817264427649427,0.18145,0.01689985207035847,0.133,0.01258650070512055
OC-Q2,Opencast,Zone_D_100m,Monsoon,0.06584999999999999,0.007990306627407982,0.08465,0.014354267658086919,0.08315,0.025102290732122442,0.12029999999999999,0.020364675298172562,0.18309999999999998,0.004525483399593906,0.20729999999999998,0.014707821048680207,0.20679999999999998,0.013435028842544406,0.2268,0.009475230867899753,0.2131,0.031254119728445405,0.16055,0.03471894295625946
OC-Q2,Opencast,Zone_D_100m,Summer,0.069,0.0018384776310850222,0.0842,0.0025455844122715655,0.09085,0.004879036790187171,0.11765,0.004454772721475249,0.1501,0.0035355339059327407,0.16325,0.003889087296526015,0.1634,0.003959797974644662,0.17965,0.004313351365237936,0.21534999999999999,0.016051323932934656,0.1759,0.01951614716074872
OC-Q2,Opencast,Zone_D_100m,Winter,0.0628,0.014000714267493634,0.079,0.01824335495461292,0.08195,0.018596908345206196,0.11195,0.018596908345206192,0.1593,0.01824335495461292,0.176,0.017677669529663674,0.18330000000000002,0.021213203435596434,0.1913,0.01824335495461292,0.18725,0.014778531726798825,0.13574999999999998,0.010253048327204918
OC-Q3,Opencast,Zone_A_10m,Monsoon,0.08399999999999999,0.027152900397563424,0.1112,0.028849956672411126,0.12575,0.05720493859799169,0.1876,0.014707821048680188,0.22905,0.01647558800164655,0.25505,0.02510229073212242,0.253,0.02107178207935914,0.2734,0.008202438661763971,0.30825,0.07544829355260461,0.24445,0.07459976541518076
OC-Q3,Opencast,Zone_A_10m,Summer,0.07869999999999999,0.0018384776310850321,0.1005,0.003818376618407353,0.124,0.014424978336205586,0.15465,0.014495689014324208,0.17055,0.006717514421272207,0.1844,0.005798275605729689,0.18145,0.006293250352560286,0.20925,0.006293250352560276,0.32199999999999995,0.016829141392239844,0.26975,0.024960869375885125
OC-Q3,Opencast,Zone_A_10m,Winter,0.08095,0.002050609665440993,0.1113,0.006929646455628168,0.1258,0.005939696961966998,0.18345,7.071067811864696e-05,0.2,0.016546298679765224,0.2152,0.017960512242138293,0.2274,0.014283556979968257,0.23070000000000002,0.013859292911256326,0.28400000000000003,0.014142135623730904,0.24585,0.048295393155041215
OC-Q3,Opencast,Zone_B_50m,Monsoon,0.0901,0.009899494936611674,0.1235,0.013010764773832478,0.1411,0.03125411972844541,0.17775,0.017041273426595803,0.2239,0.011737972567696682,0.2478,0.018101933598375624,0.24075,0.0060104076400856596,0.26805,0.0016263455967290372,0.2977,0.0786302740679441,0.23149999999999998,0.07495331880577402
OC-Q3,Opencast,Zone_B_50m,Summer,0.08095,0.005586143571373733,0.10245,0.007990306627407991,0.1261,0.01456639969244288,0.1518,0.010606601717798213,0.172,0.004808326112068533,0.1869,0.004242640687119289,0.1903,0.0059396969619670125,0.21215,0.00445477272147524,0.3191,0.016970562748477157,0.2632,0.026021529547664977
OC-Q3,Opencast,Zone_B_50m,Winter,0.0857,0.004242640687119289,0.1142,0.008909545442950499,0.13629999999999998,0.007636753236814706,0.16615,0.012798632739476514,0.19795000000000001,0.019869700551341987,0.21265,0.02312239174480011,0.2185,0.02503158005400377,0.22875,0.022132442251138935,0.26980000000000004,0.0024041630560342913,0.21735,0.018738329701443516
OC-Q3,Opencast,Zone_C_50m,Monsoon,0.08135,0.009970205614730322,0.11545,0.013930003589374983,0.13315,0.031324830406564044,0.17404999999999998,0.020152543263816592,0.2264,0.010323759005323596,0.2506,0.017819090885900998,0.2455,0.009475230867899713,0.2712,0.0018384776310850566,0.2943,0.07650895372438445,0.223,0.07368052659963827
OC-Q3,Opencast,Zone_C_50m,Summer,0.0777,0.005515432893255071,0.10095,0.007848885271170676,0.12564999999999998,0.014071424945612306,0.15315,0.012091525958289965,0.1764,0.005091168824543131,0.19195,0.003889087296526015,0.1965,0.0032526911934581135,0.21675,0.0036062445840513878,0.31820000000000004,0.018950461735799447,0.25795,0.02778929650063132
OC-Q3,Opencast,Zone_C_50m,Winter,0.0753,0.010606601717798217,0.10335,0.015485638507985393,0.1229,0.015132085117392119,0.1599,0.018384776310850223,0.19885,0.024819448019647833,0.21544999999999997,0.028354981925580544,0.21889999999999998,0.03252691193458118,0.23145,0.02934493141924171,0.2652,0.013010764773832454,0.1993,0.0014142135623730963
OC-Q3,Opencast,Zone_D_100m,Monsoon,0.08155,0.013930003589374983,0.1177,0.020506096654409882,0.1351,0.04186072144624362,0.17735,0.02778929650063132,0.2365,0.010606601717798213,0.26145,0.02128391411371509,0.25815,0.01534421715174811,0.28200000000000003,0.00848528137423852,0.29969999999999997,0.0700035713374682,0.22104999999999997,0.07120565286548532
OC-Q3,Opencast,Zone_D_100m,Summer,0.0771,0.007353910524340089,0.10214999999999999,0.011101576464628806,0.127,0.019091883092036795,0.15625,0.015909902576697336,0.1815,0.006788225099390854,0.1968,0.005656854249492385,0.2002,0.004525483399593906,0.22045,0.004313351365237936,0.31265,0.023122391744800127,0.24995,0.029910616844190965
OC-Q3,Opencast,Zone_D_100m,Winter,0.0742,0.011737972567696691,0.1042,0.016687720036002527,0.12585000000000002,0.014778531726798855,0.16494999999999999,0.019728279195104673,0.20725,0.029062088706767093,0.2246,0.03181980515339463,0.2304,0.03648670990922584,0.24164999999999998,0.034153257531310224,0.2753,0.016546298679765196,0.1968,0.007495331880577403
OC-Q4,Opencast,Zone_A_10m,Monsoon,0.0425,0.006505382386916237,0.0628,0.012445079348883233,0.0485,0.021354624791833737,0.10114999999999999,0.025526554800834364,0.2097,0.02291025971044413,0.2449,0.037618080759124345,0.24670000000000003,0.038608030252785495,0.27485,0.029203510063004416,0.22060000000000002,0.05416437943888957,0.13105,0.06201326471006022
OC-Q4,Opencast,Zone_A_10m,Summer,0.0532,0.005939696961966995,0.07050000000000001,0.0032526911934581283,0.07855,0.013364318164425749,0.12104999999999999,0.004737615433949862,0.15360000000000001,0.0007071067811865187,0.17175,0.0010606601717797928,0.1895,0.004101219330881986,0.2026,0.00042426406871192107,0.27865,0.018738329701443488,0.203,0.009050966799187822
OC-Q4,Opencast,Zone_A_10m,Winter,0.03975,0.011242997820866104,0.0595,0.015697770542341352,0.04775,0.017606958851545035,0.09575,0.010253048327204943,0.18845,0.012374368670764583,0.21939999999999998,0.00933380951166243,0.2382,0.008485281374238578,0.2383,0.011596551211459388,0.17815,0.0024748737341529184,0.08745,0.0013435028842544493
OC-Q4,Opencast,Zone_B_50m,Monsoon,0.0435,0.00961665222413704,0.06520000000000001,0.014707821048680193,0.05425,0.02934493141924172,0.10665,0.025526554800834364,0.2138,0.02333452377915608,0.24930000000000002,0.03931513703397204,0.2488,0.03464823227814082,0.27815,0.03302188668141174,0.22735,0.054093668760770895,0.1388,0.06646803743153547
OC-Q4,Opencast,Zone_B_50m,Summer,0.05545,0.000777817459305205,0.07325000000000001,0.00021213203435596541,0.08435000000000001,0.004313351365237951,0.12095,0.001909188309203684,0.15360000000000001,0.0015556349186104002,0.17049999999999998,0.0016970562748477136,0.17815,7.071067811864696e-05,0.19924999999999998,0.0014849242404917531,0.28145,0.015627059864222706,0.21125,0.005020458146424484
OC-Q4,Opencast,Zone_B_50m,Winter,0.03895,0.012515790027001893,0.0586,0.016546298679765214,0.04795,0.016334166645409244,0.09765,0.01110157646462879,0.18685000000000002,0.017041273426595793,0.2135,0.016829141392239823,0.2206,0.019657568516986017,0.238,0.016546298679765207,0.18335,0.0010606601717798223,0.0944,0.0014142135623730963
OC-Q4,Opencast,Zone_C_50m,Monsoon,0.04685,0.011525840533340728,0.07015,0.016758430714121184,0.0602,0.03450681092190352,0.1132,0.027294321753800737,0.21894999999999998,0.023688077169749352,0.25315,0.03995153313703993,0.2519,0.03478965363437815,0.28225,0.03387041481883566,0.23605,0.05579072503561862,0.148,0.07085209947489206
OC-Q4,Opencast,Zone_C_50m,Summer,0.05975,0.0006363961030678914,0.0782,0.0014142135623730963,0.0924,0.0021213203435596446,0.12569999999999998,0.00014142135623730373,0.15455000000000002,0.0023334523779155953,0.1702,0.0021213203435596446,0.1766,0.0009899494936611753,0.1983,0.0011313708498984691,0.28985,0.013647160876900355,0.2242,0.002687005768508889
OC-Q4,Opencast,Zone_C_50m,Winter,0.041499999999999995,0.012162236636408615,0.0622,0.016122034611053285,0.053500000000000006,0.014283556979968264,0.10245,0.012232947314527278,0.18535000000000001,0.021425335469952414,0.21075,0.022273863607376237,0.2195,0.024607315985291853,0.2355,0.02135462479183371,0.19305,0.0010606601717798223,0.10475000000000001,0.005303300858899096
OC-Q4,Opencast,Zone_D_100m,Monsoon,0.050699999999999995,0.012162236636408615,0.07585,0.017041273426595803,0.06810000000000001,0.03761808075912433,0.12115,0.02623366158202091,0.2224,0.028991378028648464,0.25545,0.04518412331782037,0.2558,0.04115361466505703,0.2846,0.039173715677734734,0.24635,0.05621498910433054,0.16005,0.07261986642785843
OC-Q4,Opencast,Zone_D_100m,Summer,0.06345,0.0016263455967290594,0.08224999999999999,0.001909188309203679,0.09975,0.0004949747468305729,0.1302,0.0007071067811865482,0.15425,0.0009192388155425283,0.16915000000000002,0.0002121320343559507,0.17520000000000002,0.0005656854249492444,0.196,0.0025455844122715655,0.2963,0.010182337649086262,0.23495,0.0016263455967290667
OC-Q4,Opencast,Zone_D_100m,Winter,0.0448,0.012303657992645926,0.0664,0.016263455967290594,0.060950000000000004,0.012657211383239208,0.1095,0.013293607486307101,0.18725,0.02425376259469858,0.2116,0.026304372260139566,0.2217,0.028708535316173837,0.23654999999999998,0.024960869375885097,0.20575,0.0027577164466275356,0.118,0.007778174593052025
OC-Q5,Opencast,Zone_A_10m,Monsoon,0.061900000000000004,0.02022325394193526,0.0884,0.019798989873223344,0.0842,0.05515432893255071,0.14579999999999999,0.03111269837220809,0.23375,0.042921381618023426,0.26675,0.06710443353460335,0.26005,0.07785245660863888,0.29355,0.06286179284748412,0.2701,0.07523616151824865,0.18365,0.0898732718888102
OC-Q5,Opencast,Zone_A_10m,Summer,0.06765,0.002616295090390232,0.0896,0.004808326112068524,0.10980000000000001,0.007353910524340094,0.1426,0.004101219330881966,0.16544999999999999,0.004737615433949866,0.17895,0.005868986283848336,0.1696,0.010465180361560888,0.20265,0.008414570696119901,0.2973,0.004242640687119289,0.23205,0.019162593770155445
OC-Q5,Opencast,Zone_A_10m,Winter,0.049949999999999994,0.010394469683442245,0.07100000000000001,0.012727922061357862,0.0772,0.007636753236814716,0.12625,0.012940054095713822,0.18355,0.025809397513308976,0.20595,0.02778929650063132,0.21405000000000002,0.024536605307173196,0.2295,0.02884995667241114,0.23170000000000002,0.0052325901807804345,0.14545000000000002,0.01265721138323919
OC-Q5,Opencast,Zone_B_50m,Monsoon,0.0627,0.019374725804511404,0.09135,0.021283914113715073,0.08995,0.05352798333582164,0.14395,0.031041987694089432,0.2298,0.04157787873376898,0.2611,0.06165971131946697,0.26195,0.06625590539717952,0.28864999999999996,0.058053466735415574,0.2678,0.07778174593052022,0.1835,0.0922067242667258
OC-Q5,Opencast,Zone_B_50m,Summer,0.0712,0.004101219330881975,0.0911,0.003394112549695427,0.1114,0.007071067811865481,0.1413,0.0035355339059327407,0.16405,0.005586143571373738,0.17745,0.006576093065034884,0.1777,0.008061017305526658,0.20165,0.00756604255869605,0.29645,0.0031819805153394864,0.23170000000000002,0.01824335495461293
OC-Q5,Opencast,Zone_B_50m,Winter,0.052599999999999994,0.01074802307403552,0.0716,0.013293607486307094,0.08095,0.007283199846221427,0.12825,0.01308147545195114,0.18475,0.026375082938258222,0.20575,0.029062088706767093,0.21595,0.03415325753131025,0.2333,0.031395541084682704,0.23435,0.005303300858899111,0.14750000000000002,0.012727922061357838
OC-Q5,Opencast,Zone_C_50m,Monsoon,0.06245,0.019869700551341987,0.09015000000000001,0.02170817818242701,0.08975,0.05296229791087241,0.1421,0.030264170234784237,0.22395,0.03797163414971762,0.25395,0.055649303679381285,0.2542,0.05685138520739843,0.28175,0.0512652416360247,0.26515,0.07997377695219851,0.1832,0.0936209378290989
OC-Q5,Opencast,Zone_C_50m,Summer,0.07085,0.003889087296526015,0.091,0.0028284271247461927,0.1103,0.006929646455628168,0.14035,0.0034648232278140937,0.16194999999999998,0.00601040764008563,0.1757,0.006363961030678933,0.1784,0.008485281374238578,0.19975,0.007848885271170676,0.2956,0.0029698484809835453,0.23235,0.017182694782833095
OC-Q5,Opencast,Zone_C_50m,Winter,0.0533,0.010748023074035527,0.0739,0.0134350288425444,0.0826,0.008202438661763966,0.12985,0.013505739520663047,0.1849,0.02687005768508882,0.20665,0.030052038200428257,0.2203,0.03295117600329311,0.23504999999999998,0.0321733585439879,0.23585,0.0045961940777125634,0.1491,0.011879393923933996
OC-Q5,Opencast,Zone_D_100m,Monsoon,0.062,0.019233304448274095,0.08965000000000001,0.022839549032325497,0.08925,0.051548084348499314,0.14179999999999998,0.031254119728445384,0.2243,0.03224406922210655,0.25379999999999997,0.0490732106143464,0.25195,0.04560838738653231,0.28175,0.04376990975544726,0.26505,0.07657966440250309,0.1835,0.08980256121069154
OC-Q5,Opencast,Zone_D_100m,Summer,0.07125000000000001,0.004030508652763313,0.09235,0.0031819805153394665,0.11065,0.006717514421272207,0.1427,0.003394112549695437,0.16699999999999998,0.004808326112068513,0.18159999999999998,0.005656854249492356,0.1832,0.006788225099390854,0.2052,0.0072124891681027755,0.2943,0.003676955262170035,0.23235,0.015768481220460002
OC-Q5,Opencast,Zone_D_100m,Winter,0.05305,0.010535891039679555,0.0742,0.013859292911256337,0.081,0.009050966799187812,0.12865,0.014071424945612287,0.1863,0.027152900397563417,0.20784999999999998,0.030052038200428267,0.2198,0.033375440072005026,0.23520000000000002,0.032102647865869284,0.2339,0.0008485281374238421,0.1483,0.009192388155425116
UG-Q1,Underground,Zone_A_10m,Monsoon,0.0649,0.016122034611053285,0.09490000000000001,0.015414927829866741,0.0904,0.04978031739553294,0.1804,0.058124177413534206,0.27105,0.019162593770155445,0.31095,0.04419417382415922,0.28695000000000004,0.0557907250356186,0.34325,0.03556747109368335,0.32189999999999996,0.08145870119269027,0.23570000000000002,0.10267190462828672
UG-Q1,Underground,Zone_A_10m,Summer,0.0713,0.004101219330881975,0.08855,0.0010606601717798223,0.11399999999999999,0.01074802307403553,0.19085,0.011808683245815339,0.22465,0.011384419177103419,0.24305,0.011242997820866114,0.2194,0.006788225099390854,0.27475,0.009970205614730322,0.35805,0.0060104076400856795,0.28705,0.014071424945612258
UG-Q1,Underground,Zone_A_10m,Winter,0.0468,0.01131370849898476,0.0717,0.015414927829866738,0.0667,0.011172287142747449,0.14385,0.010677312395916868,0.21239999999999998,0.021496046148071043,0.24275,0.02241528496361356,0.24815,0.02510229073212246,0.2742,0.020506096654409896,0.2752,0.0029698484809834867,0.1873,0.006505382386916227
UG-Q1,Underground,Zone_B_50m,Monsoon,0.07855000000000001,0.019304015126392755,0.11125000000000002,0.031749094475276,0.12135,0.06399316369738255,0.1829,0.058124177413534206,0.2697,0.010748023074035516,0.30479999999999996,0.03181980515339465,0.28864999999999996,0.02397091988222397,0.3371,0.023617366491630678,0.32475,0.07954951288348656,0.24159999999999998,0.09885352800987934
UG-Q1,Underground,Zone_B_50m,Summer,0.0864,0.003818376618407353,0.11649999999999999,0.008061017305526653,0.1464,0.012586500705120534,0.19669999999999999,0.01442497833620558,0.22885,0.01308147545195114,0.24664999999999998,0.01265721138323921,0.2417,0.013859292911256337,0.2778,0.012162236636408611,0.36085,0.004313351365237936,0.29159999999999997,0.013152186130069807
UG-Q1,Underground,Zone_B_50m,Winter,0.0629,0.007778174593052022,0.0839,0.009050966799187812,0.09609999999999999,0.0036769552621700396,0.14375,0.007283199846221432,0.20595,0.01930401512639274,0.23349999999999999,0.021637467504308335,0.23285,0.02595081886954629,0.2637,0.02192031021678296,0.27495,0.004030508652763329,0.1921,0.004242640687119289
UG-Q1,Underground,Zone_C_50m,Monsoon,0.08135,0.022273863607376248,0.11655,0.03514320702497141,0.13419999999999999,0.07184204896855322,0.18455,0.059891944366500575,0.2683,0.0060811183182043265,0.3014,0.024748737341529183,0.29505000000000003,0.020152543263816602,0.333,0.018526197667087546,0.32585,0.07841814203358811,0.24605,0.0976514464818622
UG-Q1,Underground,Zone_C_50m,Summer,0.0883,0.003959797974644662,0.12295,0.00898025612106915,0.16065000000000002,0.015627059864222678,0.19965,0.016334166645409254,0.22995,0.015202795795510775,0.24835,0.014778531726798825,0.25065,0.011242997820866114,0.2777,0.013435028842544414,0.3621,0.004808326112068524,0.2957,0.012869343417595162
UG-Q1,Underground,Zone_C_50m,Winter,0.06465,0.008838834764831846,0.08775,0.009687362902255699,0.10565,0.003889087296526,0.14445000000000002,0.006293250352560276,0.20185,0.018314065632731566,0.2267,0.021637467504308356,0.23465,0.026940768363207437,0.2563,0.02333452377915603,0.27705,0.004171930009000642,0.19695000000000001,0.00445477272147524
UG-Q1,Underground,Zone_D_100m,Monsoon,0.0761,0.0223445742854949,0.11155,0.0365574205873445,0.1264,0.07523616151824866,0.1802,0.059679812332144595,0.27175,0.011384419177103419,0.30745,0.03189051583151332,0.30655,0.027930717856868615,0.3386,0.025738686835190323,0.31784999999999997,0.08167083322704621,0.2348,0.10295474734076131
UG-Q1,Underground,Zone_D_100m,Summer,0.08345,0.0033234018715767753,0.11755,0.008697413408594538,0.1535,0.014142135623730963,0.1941,0.01555634918610405,0.22715000000000002,0.015485638507985382,0.24535,0.014919953083036157,0.2494,0.014283556979968257,0.27425,0.013364318164425768,0.35445,0.006434671708797581,0.2875,0.01400071426749365
UG-Q1,Underground,Zone_D_100m,Winter,0.060700000000000004,0.008202438661763959,0.08349999999999999,0.008626702730475876,0.09939999999999999,0.0024041630560342566,0.1432,0.0052325901807804345,0.20615,0.017889801564019644,0.23215,0.02199102089490164,0.2436,0.02602152954766495,0.2607,0.02291025971044413,0.2743,0.0018384776310849977,0.19119999999999998,0.0065053823869162565
UG-Q2,Underground,Zone_A_10m,Monsoon,0.0519,0.021920310216782972,0.0844,0.04497199128346442,0.0742,0.05769991334482228,0.13424999999999998,0.046598336880193464,0.2422,0.025173001410241105,0.2795,0.044264884502277876,0.27235,0.0014849242404917434,0.31555,0.042072853480599574,0.2545,0.08909545442950499,0.16770000000000002,0.09234814562296312
UG-Q2,Underground,Zone_A_10m,Summer,0.058399999999999994,0.0008485281374238544,0.08465,0.013505739520663062,0.09920000000000001,0.02517300141024109,0.15455000000000002,0.012940054095713818,0.19369999999999998,0.00509116882454316,0.21565,0.004030508652763319,0.21939999999999998,0.004242640687119279,0.24625,0.0012020815280171162,0.3079,0.00735391052434007,0.23015000000000002,0.018738329701443495
UG-Q2,Underground,Zone_A_10m,Winter,0.0398,0.01018233764908629,0.0505,0.012586500705120551,0.05575,0.013647160876900365,0.1253,0.00876812408671319,0.20335,0.009970205614730322,0.2268,0.011737972567696691,0.18265,0.026092240225783596,0.25455,0.015768481220460002,0.2359,0.01088944443027285,0.1469,0.006505382386916227
UG-Q2,Underground,Zone_B_50m,Monsoon,0.06125,0.025385133444597058,0.09125,0.039103004999616074,0.0902,0.07014499269370553,0.1409,0.053881536726414915,0.24270000000000003,0.017819090885901008,0.28264999999999996,0.039527269068328034,0.2905,0.029698484809835002,0.31525000000000003,0.03514320702497141,0.26075,0.09468159800087869,0.1772,0.09941921343482858
UG-Q2,Underground,Zone_B_50m,Summer,0.0726,0.0029698484809835063,0.0994,0.008061017305526637,0.1187,0.014849242404917506,0.1629,0.012869343417595162,0.19795000000000001,0.0067175144212721785,0.21915,0.005020458146424484,0.22510000000000002,0.0033941125496954176,0.24935,0.0024748737341529184,0.3163,0.00848528137423852,0.2436,0.02234457428549491
UG-Q2,Underground,Zone_B_50m,Winter,0.05075,0.006293250352560275,0.07114999999999999,0.006010407640085645,0.07785,0.007707463914933363,0.1328,0.009758073580374341,0.19955,0.011950104602052663,0.2235,0.013293607486307082,0.2267,0.019374725804511418,0.25095,0.017041273426595803,0.2449,0.013717871555019032,0.1602,0.008768124086713196
UG-Q2,Underground,Zone_C_50m,Monsoon,0.0663,0.028849956672411133,0.0963,0.042002142802480914,0.09910000000000001,0.0756604255869606,0.15075,0.06272037149124676,0.2474,0.007919595949289334,0.28835,0.03146625176280135,0.29,0.02644579361637687,0.31779999999999997,0.024041630560342617,0.27115,0.1020355085252188,0.19105,0.10613672785610079
UG-Q2,Underground,Zone_C_50m,Summer,0.08135,0.004313351365237941,0.10885,0.007990306627407991,0.1332,0.014000714267493634,0.17285,0.014354267658086905,0.20615,0.008838834764831853,0.22535,0.0065760930650349035,0.2299,0.005515432893255082,0.25529999999999997,0.006363961030678914,0.32715,0.011384419177103419,0.2587,0.026162950903902273
UG-Q2,Underground,Zone_C_50m,Winter,0.059,0.005374011537017758,0.08249999999999999,0.005798275605729684,0.09755,0.0068589357775095065,0.1424,0.00820243866176395,0.199,0.012727922061357857,0.22215000000000001,0.014919953083036149,0.23225,0.01972827919510469,0.24885,0.01887975105768082,0.2579,0.016263455967290587,0.17830000000000001,0.010748023074035546
UG-Q2,Underground,Zone_D_100m,Monsoon,0.0722,0.02955706345359769,0.1036,0.042709249583667466,0.11050000000000001,0.07594326829943522,0.1575,0.06293250352560273,0.25035,0.002192031021678301,0.28995,0.02580939751330897,0.29215,0.022132442251138935,0.31920000000000004,0.016829141392239802,0.27875,0.1006212949628457,0.20179999999999998,0.10168195513462554
UG-Q2,Underground,Zone_D_100m,Summer,0.087,0.004808326112068524,0.11555,0.008980256121069147,0.14225,0.015061374439273481,0.17965,0.014495689014324237,0.21305000000000002,0.009828784258492998,0.23195,0.008838834764831842,0.23485,0.008131727983645304,0.2603,0.008202438661763971,0.33004999999999995,0.013081475451951161,0.263,0.023193102422918725
UG-Q2,Underground,Zone_D_100m,Winter,0.06484999999999999,0.004030508652763313,0.0891,0.004808326112068524,0.1087,0.004808326112068524,0.14665,0.008273149339882598,0.2003,0.012869343417595162,0.22360000000000002,0.01555634918610405,0.2349,0.018950461735799465,0.24919999999999998,0.019233304448274063,0.2662,0.015839191898578648,0.18945,0.010111626970967645
UG-Q3,Underground,Zone_A_10m,Monsoon,0.0471,0.002545584412271573,0.0692,0.020364675298172562,0.055600000000000004,0.016122034611053285,0.11345,0.014495689014324221,0.15965000000000001,0.015909902576697325,0.1778,0.009192388155425116,0.19425,0.06413458505361987,0.19315,0.014919953083036128,0.1501,0.04341635636485402,0.10045,0.03471894295625949
UG-Q3,Underground,Zone_A_10m,Summer,0.05425,0.005727564927611032,0.07025,0.003464823227814079,0.06395,0.0026162950903902272,0.1071,0.008061017305526637,0.1406,0.025173001410241102,0.15415,0.02708218971944477,0.1862,0.049214631970583705,0.163,0.026304372260139576,0.1631,0.012586500705120534,0.11865,0.013364318164425733
UG-Q3,Underground,Zone_A_10m,Winter,0.03975,0.016617009357883867,0.05165,0.016617009357883867,0.04625,0.01491995308303615,0.1002,0.024041630560342617,0.1339,0.02743574311003803,0.1527,0.022061731573020285,0.12555,0.033870414818835626,0.15695,0.015061374439273452,0.1234,0.008343860018001263,0.07815,0.008414570696119911
UG-Q3,Underground,Zone_B_50m,Monsoon,0.060399999999999995,0.006788225099390854,0.0864,0.012869343417595176,0.07885,0.025243712088359748,0.11725,0.011808683245815339,0.17115000000000002,0.010535891039679546,0.19445,0.02156675682618969,0.21989999999999998,0.027011479041326114,0.20800000000000002,0.014849242404917482,0.16255,0.036415999231107186,0.11075,0.03372899346259831
UG-Q3,Underground,Zone_B_50m,Summer,0.06054999999999999,0.0038890872965260076,0.08224999999999999,0.001484924240491758,0.0857,0.0012727922061357827,0.1099,0.007495331880577403,0.13895000000000002,0.02156675682618969,0.15105000000000002,0.02269812767608816,0.1714,0.02489015869776648,0.1632,0.024324473272817237,0.17285,0.01534421715174808,0.12615,0.01364716087690036
UG-Q3,Underground,Zone_B_50m,Winter,0.052099999999999994,0.016546298679765207,0.07045,0.019445436482630054,0.0707,0.018809040379562166,0.10595,0.019586857838867367,0.13874999999999998,0.020435385976291222,0.155,0.018809040379562172,0.1633,0.02687005768508879,0.16105,0.016051323932934628,0.13495000000000001,0.008980256121069174,0.09015000000000001,0.006151828996322968
UG-Q3,Underground,Zone_C_50m,Monsoon,0.0646,0.0035355339059327407,0.09190000000000001,0.007778174593052025,0.09055,0.019586857838867367,0.12440000000000001,0.00721248916810279,0.17935,0.024112341238461257,0.2054,0.03747665940288701,0.21515,0.0426385389055488,0.2182,0.030829855659733462,0.1822,0.030971277015970786,0.12835000000000002,0.02906208870676711
UG-Q3,Underground,Zone_C_50m,Summer,0.0628,0.0028284271247461853,0.08465,0.0012020815280171357,0.09215000000000001,0.0036062445840513925,0.11565,0.008555992052357225,0.1411,0.018950461735799465,0.1527,0.02107178207935911,0.16044999999999998,0.020152543263816613,0.16805,0.023829498525986658,0.19165,0.020293964620053905,0.1424,0.01866761902332484
UG-Q3,Underground,Zone_C_50m,Winter,0.060200000000000004,0.015132085117392119,0.08295,0.01831406563273157,0.0903,0.0164048773235279,0.1212,0.016122034611053288,0.15455,0.015627059864222706,0.1704,0.016970562748477126,0.1773,0.0264457936163769,0.18025000000000002,0.01732411613907042,0.16745,0.008838834764831823,0.12175,0.004454772721475249
UG-Q3,Underground,Zone_D_100m,Monsoon,0.07075000000000001,0.003747665940288716,0.10005,0.008131727983645304,0.10405,0.02085965004500315,0.14135,0.013505739520663062,0.2055,0.023900209204105304,0.2345,0.038466608896548175,0.2355,0.04214356415871822,0.253,0.03111269837220811,0.2273,0.03394112549695428,0.1647,0.030971277015970775
UG-Q3,Underground,Zone_D_100m,Summer,0.07045,0.003889087296526015,0.09570000000000001,0.008626702730475876,0.1098,0.01583919189857867,0.13974999999999999,0.01774838020778234,0.1717,0.020364675298172562,0.18625,0.022556706319850853,0.1875,0.02644579361637687,0.2066,0.025455844122715704,0.24330000000000002,0.035638181771802,0.18605,0.03712310601229374
UG-Q3,Underground,Zone_D_100m,Winter,0.0686,0.012162236636408618,0.09455,0.014495689014324221,0.10985,0.013222896808188434,0.14,0.016263455967290598,0.1815,0.011596551211459367,0.19935,0.012515790027001886,0.21035,0.02001112190757929,0.21525,0.013930003589374983,0.21710000000000002,0.014283556979968286,0.16249999999999998,0.011879393923933996
UG-Q4,Underground,Zone_A_10m,Monsoon,0.04975,0.005727564927611039,0.07415,0.013930003589374988,0.0659,0.031819805153394644,0.129,0.030264170234784237,0.2365,0.016546298679765224,0.2752,0.026021529547664988,0.2842,0.01866761902332484,0.3081,0.021496046148071032,0.24760000000000001,0.06873077913133242,0.16325,0.07742819253992696
UG-Q4,Underground,Zone_A_10m,Summer,0.06475,0.014637110370561538,0.09035,0.0036062445840513878,0.093,0.0028284271247461927,0.1444,0.01131370849898477,0.20835,0.017182694782833095,0.23355,0.018596908345206192,0.2551,0.010040916292848968,0.2621,0.021637467504308335,0.2777,0.029839906166072315,0.19825,0.028496403281817868
UG-Q4,Underground,Zone_A_10m,Winter,0.04705,0.00954594154601839,0.0662,0.006222539674441612,0.06235,0.0013435028842544371,0.1059,0.005939696961966998,0.18835000000000002,0.007990306627408,0.20845000000000002,0.008697413408594548,0.23245,0.001626345596729047,0.23375,0.014495689014324227,0.1851,0.00622253967444161,0.11315,0.0017677669529663704
UG-Q4,Underground,Zone_B_50m,Monsoon,0.052599999999999994,0.010465180361560902,0.079,0.015697770542341352,0.0709,0.03818376618407357,0.12614999999999998,0.02934493141924172,0.2293,0.016263455967290577,0.26744999999999997,0.02877924599429251,0.2744,0.033799704140717,0.29825,0.01930401512639274,0.23975,0.06611448404094217,0.15839999999999999,0.07481189744953672
UG-Q4,Underground,Zone_B_50m,Summer,0.06565,0.006858935777509508,0.08875,0.002050609665440983,0.09345,0.0055861435713737235,0.1386,0.010040916292848968,0.20245,0.012798632739476514,0.2258,0.013293607486307082,0.23554999999999998,0.010960155108391486,0.2552,0.016687720036002548,0.2654,0.028567113959936524,0.19145,0.028496403281817868
UG-Q4,Underground,Zone_B_50m,Winter,0.04615,0.010535891039679559,0.0662,0.00848528137423857,0.06375,0.010960155108391484,0.10455,0.0074246212024587505,0.17909999999999998,0.007778174593052,0.20224999999999999,0.007566042558696059,0.21835,0.0038890872965259855,0.22494999999999998,0.009828784258492998,0.18035,0.00954594154601839,0.11069999999999999,0.005939696961966998
UG-Q4,Underground,Zone_C_50m,Monsoon,0.050949999999999995,0.008838834764831846,0.0752,0.015132085117392119,0.0683,0.032385490578343876,0.12075,0.02708218971944477,0.22405,0.01661700935788388,0.2596,0.02870853531617381,0.26034999999999997,0.024678026663410516,0.28975,0.02043538597629125,0.22955,0.05946768029778865,0.15165,0.06752869760331529
UG-Q4,Underground,Zone_C_50m,Summer,0.06335,0.008414570696119918,0.08565,0.003040559159102153,0.0877,0.004242640687119289,0.13155,0.007707463914933383,0.19815,0.007283199846221452,0.22165,0.007000357133746805,0.22725,0.007283199846221432,0.24919999999999998,0.010040916292848957,0.25005,0.024960869375885125,0.17925,0.02665792565073285
UG-Q4,Underground,Zone_C_50m,Winter,0.0468,0.011030865786510143,0.06525,0.010394469683442249,0.0639,0.014566399692442876,0.1031,0.009333809511662424,0.1768,0.003818376618407358,0.20055,0.004313351365237936,0.2049,0.0032526911934581135,0.2219,0.006646803743153531,0.17875,0.013505739520663062,0.1108,0.01088944443027283
UG-Q4,Underground,Zone_D_100m,Monsoon,0.06295,0.011101576464628797,0.0875,0.016829141392239826,0.08515,0.03471894295625949,0.13335,0.025243712088359738,0.2225,0.016687720036002527,0.2551,0.029698484809835012,0.25880000000000003,0.030829855659733472,0.28275,0.02312239174480007,0.245,0.049356053326821,0.177,0.058689862838483424
UG-Q4,Underground,Zone_D_100m,Summer,0.07264999999999999,0.004313351365237941,0.0938,0.00014142135623730864,0.1015,0.006788225099390859,0.139,0.008626702730475881,0.1941,0.007636753236814726,0.21545,0.007707463914933383,0.21785,0.007990306627408,0.2402,0.009899494936611674,0.2583,0.02064751801064718,0.19895000000000002,0.023263813101037412
UG-Q4,Underground,Zone_D_100m,Winter,0.0566,0.009475230867899732,0.07535,0.010394469683442242,0.07955,0.012798632739476514,0.11645,0.01096015510839148,0.17955,0.0064346717087975895,0.2015,0.00622253967444163,0.21255,0.010677312395916868,0.22305,0.008697413408594519,0.20579999999999998,0.015414927829866736,0.14379999999999998,0.012162236636408622
UG-Q5,Underground,Zone_A_10m,Monsoon,0.07345,0.0024748737341529184,0.09695000000000001,0.009404520189781083,0.0927,0.015414927829866741,0.1397,0.024748737341529155,0.2374,0.041436457377531676,0.27375,0.06639732675341681,0.253,0.04850752518939716,0.2939,0.060104076400856514,0.24445,0.042779960261786126,0.1738,0.059821233688381915
UG-Q5,Underground,Zone_A_10m,Summer,0.0736,0.00622253967444162,0.09645000000000001,0.0048790367901871854,0.10225000000000001,0.005586143571373733,0.1355,0.006646803743153531,0.1634,0.00820243866176395,0.17404999999999998,0.007990306627408,0.17615,0.01223294731452726,0.1953,0.007071067811865481,0.25465,0.008980256121069174,0.2119,0.011455129855222065
UG-Q5,Underground,Zone_A_10m,Winter,0.0658,0.009050966799187805,0.0812,0.006788225099390854,0.0885,0.0024041630560342566,0.10835,0.004454772721475249,0.18415,0.014919953083036157,0.20984999999999998,0.015202795795510756,0.20625,0.016051323932934628,0.22875,0.01110157646462879,0.18285,7.071067811867641e-05,0.11955,0.00021213203435596054
UG-Q5,Underground,Zone_B_50m,Monsoon,0.0629,0.004808326112068524,0.09054999999999999,0.013788582233137673,0.085,0.030122748878546924,0.13385,0.026516504294495542,0.23795,0.038537319574666835,0.27265,0.061023315216399074,0.26789999999999997,0.061942554031941564,0.29785,0.05706351724175438,0.23885,0.04560838738653231,0.1654,0.06066976182580578
UG-Q5,Underground,Zone_B_50m,Summer,0.07264999999999999,0.006434671708797585,0.0924,0.0021213203435596446,0.1047,0.002687005768508879,0.13679999999999998,0.003394112549695437,0.16749999999999998,0.005939696961967003,0.1809,0.004101219330881966,0.17505,0.005727564927611032,0.20255,0.004171930009000613,0.2561,0.007919595949289324,0.20775,0.01110157646462882
UG-Q5,Underground,Zone_B_50m,Winter,0.05085,0.006858935777509511,0.06989999999999999,0.007212489168102781,0.0663,0.0059396969619669926,0.1038,0.004949747468305837,0.1905,0.013293607486307082,0.2168,0.015414927829866736,0.22425,0.016758430714121177,0.23635,0.013505739520663062,0.17795,0.0010606601717798223,0.11055000000000001,0.00021213203435597523
UG-Q5,Underground,Zone_C_50m,Monsoon,0.0584,0.0077781745930520195,0.0858,0.017253405460951762,0.0785,0.035638181771801995,0.13145,0.031466251762801364,0.2433,0.038325187540310855,0.2807,0.06293250352560271,0.279,0.06349818895055197,0.3077,0.05769991334482226,0.23775,0.05239661248592317,0.16005,0.06795296167202722
UG-Q5,Underground,Zone_C_50m,Summer,0.0704,0.00622253967444162,0.09054999999999999,0.0024748737341529037,0.1047,0.0018384776310850174,0.13885,0.0027577164466275456,0.16995,0.004171930009000632,0.185,0.0032526911934581135,0.17985,0.00445477272147524,0.20775,0.004454772721475259,0.26305,0.008697413408594519,0.21045,0.012515790027001886
UG-Q5,Underground,Zone_C_50m,Winter,0.044649999999999995,0.0077074639149333655,0.06565,0.007566042558696057,0.0568,0.006646803743153548,0.10275000000000001,0.004171930009000637,0.20115,0.013647160876900355,0.23015,0.016334166645409254,0.2394,0.02064751801064719,0.2512,0.015697770542341324,0.1738,0.0014142135623730963,0.10075,7.071067811866168e-05
UG-Q5,Underground,Zone_D_100m,Monsoon,0.056150000000000005,0.010394469683442249,0.08535,0.02085965004500315,0.07715,0.043062802974260746,0.1333,0.03747665940288701,0.25005,0.036981684656056446,0.28945,0.06173042199758562,0.29025,0.06017478707897517,0.31955,0.055649303679381285,0.24280000000000002,0.06547808793787431,0.15965000000000001,0.08068088373338508
UG-Q5,Underground,Zone_D_100m,Summer,0.07070000000000001,0.005091168824543146,0.09255,0.0014849242404917481,0.1089,0.003818376618407363,0.14415,0.004313351365237936,0.17465,0.005303300858899111,0.19085000000000002,0.005444722215136415,0.1903,0.006788225099390854,0.21665,0.006151828996322963,0.27905,0.010535891039679517,0.22094999999999998,0.015485638507985403
UG-Q5,Underground,Zone_D_100m,Winter,0.040900000000000006,0.008061017305526644,0.06405,0.007707463914933368,0.051500000000000004,0.006363961030678931,0.10500000000000001,0.003959797974644677,0.20995,0.015909902576697336,0.24025000000000002,0.01930401512639277,0.25205,0.023829498525986648,0.26380000000000003,0.018950461735799486,0.17125,0.0012020815280171457,0.09195,0.0006363961030678865
