Date,Season,Scene_ID,Quadrat_ID,Mining_type,Spatial_Zone,Pixel_Count,B02,B03,B04,B05,B06,B07,B08,B8A,B11,B12,NDVI,EVI,NDRE,NDWI,NDWI_Moisture,RedEdge_Slope,SWIR_Ratio
2024-03-25,Summer,S2A_44QPK_20240325_0_L2A,UG-Q1,Underground,Zone_A_10m,1,0.0742,0.0878,0.1064,0.1825,0.2166,0.2351,0.2146,0.2677,0.3538,0.2771,0.3371,0.2086,0.0808,-0.4193,-0.1386,0.1258,1.2771
2024-03-25,Summer,S2A_44QPK_20240325_0_L2A,UG-Q1,Underground,Zone_B_50m,25,0.0837,0.1108,0.1375,0.1865,0.2196,0.2377,0.2319,0.2692,0.3578,0.2823,0.2596,0.1661,0.1084,-0.355,-0.1405,0.122,1.2694
2024-03-25,Summer,S2A_44QPK_20240325_0_L2A,UG-Q1,Underground,Zone_C_50m,81,0.0855,0.1166,0.1496,0.1881,0.2192,0.2379,0.2427,0.2682,0.3587,0.2866,0.2408,0.1567,0.1259,-0.3512,-0.1433,0.118,1.2536
2024-03-25,Summer,S2A_44QPK_20240325_0_L2A,UG-Q1,Underground,Zone_D_100m,317,0.0811,0.1114,0.1435,0.1831,0.2162,0.2348,0.2393,0.2648,0.3499,0.2776,0.2558,0.1627,0.1332,-0.3656,-0.1357,0.1255,1.2664
2024-03-25,Summer,S2A_44QPK_20240325_0_L2A,UG-Q2,Underground,Zone_A_10m,1,0.059,0.0751,0.0814,0.1454,0.1901,0.2128,0.2164,0.2454,0.3027,0.2169,0.4533,0.2674,0.1961,-0.4847,-0.1044,0.188,1.3954
2024-03-25,Summer,S2A_44QPK_20240325_0_L2A,UG-Q2,Underground,Zone_B_50m,25,0.0705,0.0937,0.1082,0.1538,0.1932,0.2156,0.2227,0.2476,0.3103,0.2278,0.348,0.2139,0.183,-0.4079,-0.1116,0.1685,1.3649
2024-03-25,Summer,S2A_44QPK_20240325_0_L2A,UG-Q2,Underground,Zone_C_50m,81,0.0783,0.1032,0.1233,0.1627,0.1999,0.2207,0.226,0.2508,0.3191,0.2402,0.2979,0.1873,0.1623,-0.3742,-0.119,0.152,1.3324
2024-03-25,Summer,S2A_44QPK_20240325_0_L2A,UG-Q2,Underground,Zone_D_100m,317,0.0836,0.1092,0.1316,0.1694,0.2061,0.2257,0.2291,0.2545,0.3208,0.2466,0.2732,0.1763,0.1496,-0.3552,-0.1144,0.1432,1.3043
2024-03-25,Summer,S2A_44QPK_20240325_0_L2A,UG-Q3,Underground,Zone_A_10m,1,0.0583,0.0678,0.0658,0.1014,0.1228,0.135,0.1514,0.1444,0.1542,0.1092,0.3941,0.193,0.1977,-0.3814,-0.0328,0.1422,1.4126
2024-03-25,Summer,S2A_44QPK_20240325_0_L2A,UG-Q3,Underground,Zone_B_50m,25,0.0633,0.0812,0.0848,0.1046,0.1237,0.135,0.1538,0.146,0.162,0.1165,0.2372,0.1357,0.1387,-0.2451,-0.0591,0.1095,1.3967
2024-03-25,Summer,S2A_44QPK_20240325_0_L2A,UG-Q3,Underground,Zone_C_50m,81,0.0648,0.0838,0.0896,0.1096,0.1277,0.1378,0.1462,0.1512,0.1773,0.1292,0.1673,0.1064,0.0737,-0.178,-0.0917,0.0823,1.3821
2024-03-25,Summer,S2A_44QPK_20240325_0_L2A,UG-Q3,Underground,Zone_D_100m,317,0.0677,0.0896,0.0986,0.1272,0.1573,0.1703,0.1688,0.1886,0.2181,0.1598,0.2089,0.1303,0.0898,-0.2392,-0.0764,0.122,1.3712
2024-03-25,Summer,S2A_44QPK_20240325_0_L2A,UG-Q4,Underground,Zone_A_10m,1,0.0751,0.0929,0.091,0.1364,0.1962,0.2204,0.248,0.2468,0.2566,0.1781,0.4631,0.3189,0.2905,-0.455,-0.0195,0.2355,1.4408
2024-03-25,Summer,S2A_44QPK_20240325_0_L2A,UG-Q4,Underground,Zone_B_50m,25,0.0705,0.0902,0.0895,0.1315,0.1934,0.2164,0.2278,0.2434,0.2452,0.1713,0.4355,0.2801,0.2665,-0.4314,-0.0037,0.2434,1.434
2024-03-25,Summer,S2A_44QPK_20240325_0_L2A,UG-Q4,Underground,Zone_C_50m,81,0.0693,0.0878,0.0847,0.1261,0.193,0.2167,0.2221,0.2421,0.2324,0.1604,0.4461,0.2844,0.2723,-0.4305,0.0202,0.2634,1.4523
2024-03-25,Summer,S2A_44QPK_20240325_0_L2A,UG-Q4,Underground,Zone_D_100m,317,0.0757,0.0937,0.0967,0.1329,0.1887,0.21,0.2122,0.2332,0.2437,0.1825,0.3748,0.2373,0.2268,-0.3851,-0.0214,0.2243,1.3518
2024-03-25,Summer,S2A_44QPK_20240325_0_L2A,UG-Q5,Underground,Zone_A_10m,1,0.078,0.0999,0.1062,0.1308,0.1576,0.1684,0.1675,0.1903,0.2483,0.2038,0.224,0.1256,0.1229,-0.2528,-0.1324,0.1255,1.2182
2024-03-25,Summer,S2A_44QPK_20240325_0_L2A,UG-Q5,Underground,Zone_B_50m,25,0.0772,0.0939,0.1028,0.1344,0.1633,0.178,0.171,0.1996,0.2505,0.1999,0.2465,0.1403,0.1173,-0.2882,-0.1146,0.1382,1.2549
2024-03-25,Summer,S2A_44QPK_20240325_0_L2A,UG-Q5,Underground,Zone_C_50m,81,0.0748,0.0923,0.1034,0.1369,0.167,0.1827,0.1767,0.2046,0.2569,0.2016,0.2559,0.1471,0.1221,-0.3079,-0.1156,0.1401,1.2795
2024-03-25,Summer,S2A_44QPK_20240325_0_L2A,UG-Q5,Underground,Zone_D_100m,317,0.0743,0.0936,0.1062,0.1411,0.1709,0.187,0.1855,0.2123,0.2716,0.21,0.2663,0.1559,0.1309,-0.3231,-0.123,0.1361,1.3011
2024-03-25,Summer,S2A_44QPK_20240325_0_L2A,OC-Q1,Opencast,Zone_A_10m,1,0.0513,0.0628,0.0544,0.0843,0.1301,0.1437,0.1378,0.158,0.1428,0.0953,0.4339,0.1932,0.2408,-0.3739,0.0505,0.2604,1.4984
2024-03-25,Summer,S2A_44QPK_20240325_0_L2A,OC-Q1,Opencast,Zone_B_50m,23,0.0509,0.0633,0.0587,0.0855,0.131,0.1445,0.1491,0.1599,0.1455,0.0992,0.435,0.2017,0.2695,-0.4028,0.0473,0.2563,1.4698
2024-03-25,Summer,S2A_44QPK_20240325_0_L2A,OC-Q1,Opencast,Zone_C_50m,71,0.0523,0.0646,0.061,0.0883,0.1331,0.1458,0.1504,0.1609,0.1514,0.1056,0.4218,0.1987,0.2585,-0.3972,0.0303,0.2449,1.4375
2024-03-25,Summer,S2A_44QPK_20240325_0_L2A,OC-Q1,Opencast,Zone_D_100m,287,0.0547,0.0661,0.0633,0.0893,0.1297,0.1422,0.1433,0.1555,0.1554,0.1146,0.3774,0.1784,0.2238,-0.3584,-0.006,0.2231,1.363
2024-03-25,Summer,S2A_44QPK_20240325_0_L2A,OC-Q2,Opencast,Zone_A_10m,1,0.0749,0.0944,0.1054,0.1215,0.1506,0.1629,0.1748,0.1767,0.2043,0.17,0.2477,0.1393,0.1798,-0.2987,-0.0725,0.1455,1.2021
2024-03-25,Summer,S2A_44QPK_20240325_0_L2A,OC-Q2,Opencast,Zone_B_50m,25,0.0725,0.0875,0.0924,0.1207,0.1508,0.1632,0.1689,0.1778,0.2035,0.1675,0.2903,0.1623,0.1622,-0.3144,-0.0687,0.1479,1.2143
2024-03-25,Summer,S2A_44QPK_20240325_0_L2A,OC-Q2,Opencast,Zone_C_50m,81,0.0694,0.0839,0.0879,0.117,0.15,0.1634,0.1668,0.1793,0.2024,0.163,0.3067,0.1677,0.1707,-0.3265,-0.0622,0.1633,1.2421
2024-03-25,Summer,S2A_44QPK_20240325_0_L2A,OC-Q2,Opencast,Zone_D_100m,317,0.0677,0.0824,0.0874,0.1145,0.1476,0.1605,0.1606,0.1766,0.204,0.1621,0.2915,0.1549,0.1624,-0.3172,-0.0717,0.1651,1.2579
2024-03-25,Summer,S2A_44QPK_20240325_0_L2A,OC-Q3,Opencast,Zone_A_10m,1,0.0774,0.0978,0.1138,0.1444,0.1658,0.1803,0.177,0.2048,0.3101,0.2521,0.2173,0.1235,0.1014,-0.2882,-0.2044,0.1105,1.2302
2024-03-25,Summer,S2A_44QPK_20240325_0_L2A,OC-Q3,Opencast,Zone_B_50m,25,0.077,0.0968,0.1158,0.1443,0.1686,0.1839,0.1861,0.209,0.3071,0.2448,0.2361,0.1355,0.1272,-0.3176,-0.1898,0.1216,1.2574
2024-03-25,Summer,S2A_44QPK_20240325_0_L2A,OC-Q3,Opencast,Zone_C_50m,81,0.0738,0.0954,0.1157,0.1446,0.1728,0.1892,0.1942,0.2142,0.3048,0.2383,0.2572,0.1479,0.1474,-0.3429,-0.1739,0.1349,1.2828
2024-03-25,Summer,S2A_44QPK_20240325_0_L2A,OC-Q3,Opencast,Zone_D_100m,317,0.0719,0.0943,0.1135,0.145,0.1767,0.1928,0.197,0.2174,0.2963,0.2288,0.2756,0.1579,0.1545,-0.3544,-0.1492,0.1446,1.3085
2024-03-25,Summer,S2A_44QPK_20240325_0_L2A,OC-Q4,Opencast,Zone_A_10m,1,0.0574,0.0728,0.088,0.1244,0.1531,0.171,0.1924,0.2023,0.2919,0.2094,0.3723,0.2023,0.2145,-0.451,-0.1814,0.1574,1.394
2024-03-25,Summer,S2A_44QPK_20240325_0_L2A,OC-Q4,Opencast,Zone_B_50m,25,0.056,0.0731,0.0874,0.1223,0.1525,0.1693,0.1782,0.2003,0.2925,0.2148,0.3426,0.1776,0.1856,-0.4181,-0.1869,0.161,1.3661
2024-03-25,Summer,S2A_44QPK_20240325_0_L2A,OC-Q4,Opencast,Zone_C_50m,81,0.0593,0.0772,0.0939,0.1258,0.1529,0.1687,0.1759,0.1991,0.2995,0.2261,0.3046,0.1589,0.1648,-0.3894,-0.2012,0.1456,1.3302
2024-03-25,Summer,S2A_44QPK_20240325_0_L2A,OC-Q4,Opencast,Zone_D_100m,317,0.0623,0.0809,0.0994,0.1297,0.1536,0.169,0.1756,0.1978,0.3035,0.2338,0.2769,0.1461,0.1488,-0.368,-0.2118,0.1313,1.3014
2024-03-25,Summer,S2A_44QPK_20240325_0_L2A,OC-Q5,Opencast,Zone_A_10m,1,0.0658,0.0862,0.1046,0.1397,0.1688,0.1831,0.177,0.2086,0.2943,0.2185,0.2571,0.1381,0.1179,-0.345,-0.1704,0.1346,1.3466
2024-03-25,Summer,S2A_44QPK_20240325_0_L2A,OC-Q5,Opencast,Zone_B_50m,25,0.0683,0.0887,0.1064,0.1388,0.168,0.1821,0.1834,0.207,0.2942,0.2188,0.2662,0.1471,0.1382,-0.3481,-0.1737,0.1354,1.3457
2024-03-25,Summer,S2A_44QPK_20240325_0_L2A,OC-Q5,Opencast,Zone_C_50m,81,0.0681,0.089,0.1054,0.1379,0.1662,0.1802,0.1844,0.2053,0.2935,0.2202,0.2728,0.1515,0.144,-0.3487,-0.1768,0.1333,1.335
2024-03-25,Summer,S2A_44QPK_20240325_0_L2A,OC-Q5,Opencast,Zone_D_100m,317,0.0684,0.0901,0.1059,0.1403,0.1704,0.1856,0.188,0.2103,0.2917,0.2212,0.28,0.1573,0.1449,-0.351,-0.1622,0.1393,1.3232
2024-05-14,Summer,S2A_44QPK_20240514_0_L2A,UG-Q1,Underground,Zone_A_10m,1,0.0684,0.0893,0.1216,0.1992,0.2327,0.251,0.2242,0.2818,0.3623,0.297,0.2967,0.178,0.059,-0.4303,-0.125,0.1151,1.2199
2024-05-14,Summer,S2A_44QPK_20240514_0_L2A,UG-Q1,Underground,Zone_B_50m,25,0.0891,0.1222,0.1553,0.2069,0.2381,0.2556,0.2515,0.2864,0.3639,0.3009,0.2438,0.1606,0.0981,-0.351,-0.119,0.1068,1.2108
2024-05-14,Summer,S2A_44QPK_20240514_0_L2A,UG-Q1,Underground,Zone_C_50m,81,0.0911,0.1293,0.1717,0.2112,0.2407,0.2588,0.2586,0.2872,0.3655,0.3048,0.2068,0.1371,0.1002,-0.335,-0.1198,0.1018,1.2008
2024-05-14,Summer,S2A_44QPK_20240514_0_L2A,UG-Q1,Underground,Zone_D_100m,317,0.0858,0.1237,0.1635,0.2051,0.2381,0.2559,0.2595,0.2837,0.359,0.2974,0.235,0.1537,0.1179,-0.3568,-0.1159,0.1121,1.2122
2024-05-14,Summer,S2A_44QPK_20240514_0_L2A,UG-Q2,Underground,Zone_A_10m,1,0.0578,0.0942,0.117,0.1637,0.1973,0.2185,0.2224,0.2471,0.3131,0.2434,0.3105,0.1767,0.1521,-0.4049,-0.1177,0.1435,1.2865
2024-05-14,Summer,S2A_44QPK_20240514_0_L2A,UG-Q2,Underground,Zone_B_50m,25,0.0747,0.1051,0.1292,0.172,0.2027,0.2227,0.2275,0.2511,0.3223,0.2594,0.2799,0.1718,0.1388,-0.3696,-0.1236,0.1293,1.2438
2024-05-14,Summer,S2A_44QPK_20240514_0_L2A,UG-Q2,Underground,Zone_C_50m,81,0.0844,0.1145,0.1431,0.183,0.2124,0.23,0.2338,0.2598,0.3352,0.2772,0.2453,0.1563,0.1218,-0.3445,-0.1262,0.1151,1.2118
2024-05-14,Summer,S2A_44QPK_20240514_0_L2A,UG-Q2,Underground,Zone_D_100m,317,0.0904,0.1219,0.1529,0.1899,0.22,0.2382,0.2406,0.2661,0.3393,0.2794,0.2263,0.1489,0.1175,-0.3289,-0.1205,0.1134,1.2166
2024-05-14,Summer,S2A_44QPK_20240514_0_L2A,UG-Q3,Underground,Zone_A_10m,1,0.0502,0.0727,0.0621,0.1128,0.1584,0.1733,0.221,0.1816,0.172,0.1281,0.5613,0.3264,0.3242,-0.5049,0.0272,0.2116,1.3431
2024-05-14,Summer,S2A_44QPK_20240514_0_L2A,UG-Q3,Underground,Zone_B_50m,25,0.0578,0.0833,0.0866,0.1152,0.1542,0.1671,0.189,0.1804,0.1837,0.1358,0.3106,0.1889,0.1706,-0.3106,-0.0452,0.1509,1.354
2024-05-14,Summer,S2A_44QPK_20240514_0_L2A,UG-Q3,Underground,Zone_C_50m,81,0.0608,0.0855,0.0947,0.1217,0.1545,0.1676,0.1747,0.1849,0.206,0.1556,0.2241,0.142,0.0955,-0.2496,-0.0905,0.1243,1.3289
2024-05-14,Summer,S2A_44QPK_20240514_0_L2A,UG-Q3,Underground,Zone_D_100m,316,0.0732,0.1018,0.121,0.1523,0.1861,0.2022,0.2062,0.2246,0.2685,0.2123,0.2333,0.1474,0.1112,-0.296,-0.099,0.1298,1.2781
2024-05-14,Summer,S2A_44QPK_20240514_0_L2A,UG-Q4,Underground,Zone_A_10m,1,0.0544,0.0878,0.095,0.1524,0.2205,0.2467,0.2622,0.2774,0.2988,0.2184,0.4681,0.2935,0.2647,-0.4983,-0.0372,0.2363,1.3683
2024-05-14,Summer,S2A_44QPK_20240514_0_L2A,UG-Q4,Underground,Zone_B_50m,25,0.0608,0.0873,0.0974,0.1457,0.2115,0.2352,0.2433,0.267,0.2856,0.2116,0.4336,0.2684,0.2503,-0.4732,-0.0331,0.2355,1.3533
2024-05-14,Summer,S2A_44QPK_20240514_0_L2A,UG-Q4,Underground,Zone_C_50m,81,0.0574,0.0835,0.0907,0.137,0.2033,0.2266,0.2324,0.2563,0.2677,0.1981,0.4451,0.2654,0.2575,-0.4726,-0.021,0.2466,1.3547
2024-05-14,Summer,S2A_44QPK_20240514_0_L2A,UG-Q4,Underground,Zone_D_100m,317,0.0696,0.0939,0.1063,0.1451,0.1995,0.2209,0.2235,0.2472,0.2729,0.2154,0.3639,0.221,0.2122,-0.4108,-0.0483,0.2088,1.2789
2024-05-14,Summer,S2A_44QPK_20240514_0_L2A,UG-Q5,Underground,Zone_A_10m,1,0.0692,0.093,0.0983,0.1402,0.1692,0.1797,0.1848,0.2003,0.261,0.22,0.3055,0.1722,0.1373,-0.3305,-0.1315,0.1237,1.1866
2024-05-14,Summer,S2A_44QPK_20240514_0_L2A,UG-Q5,Underground,Zone_B_50m,25,0.0681,0.0909,0.1066,0.1392,0.1717,0.1838,0.1791,0.2055,0.2617,0.2156,0.2524,0.1378,0.1217,-0.3233,-0.122,0.1373,1.2147
2024-05-14,Summer,S2A_44QPK_20240514_0_L2A,UG-Q5,Underground,Zone_C_50m,81,0.066,0.0888,0.106,0.1408,0.1729,0.1873,0.183,0.2109,0.2692,0.2193,0.2632,0.1446,0.1267,-0.3425,-0.1231,0.1403,1.2295
2024-05-14,Summer,S2A_44QPK_20240514_0_L2A,UG-Q5,Underground,Zone_D_100m,317,0.0671,0.0915,0.1116,0.1472,0.1784,0.1947,0.1951,0.221,0.2865,0.2319,0.2704,0.1532,0.1368,-0.3574,-0.1294,0.1372,1.2409
2024-05-14,Summer,S2A_44QPK_20240514_0_L2A,OC-Q1,Opencast,Zone_A_10m,1,0.0467,0.056,0.05,0.0833,0.1232,0.1375,0.1428,0.1564,0.1614,0.1171,0.4813,0.2123,0.2631,-0.4366,-0.0157,0.2456,1.3785
2024-05-14,Summer,S2A_44QPK_20240514_0_L2A,OC-Q1,Opencast,Zone_B_50m,23,0.0474,0.0579,0.0543,0.0837,0.1263,0.1406,0.1465,0.1569,0.1643,0.1194,0.4581,0.2063,0.2713,-0.4331,-0.0236,0.2526,1.3776
2024-05-14,Summer,S2A_44QPK_20240514_0_L2A,OC-Q1,Opencast,Zone_C_50m,67,0.0485,0.0592,0.0565,0.0859,0.1293,0.1432,0.1485,0.1592,0.169,0.1248,0.4451,0.2045,0.2636,-0.4266,-0.0323,0.2477,1.3573
2024-05-14,Summer,S2A_44QPK_20240514_0_L2A,OC-Q1,Opencast,Zone_D_100m,236,0.0515,0.0626,0.0611,0.0891,0.1326,0.1462,0.1486,0.1617,0.1751,0.1335,0.4115,0.1931,0.2441,-0.4008,-0.0458,0.238,1.318
2024-05-14,Summer,S2A_44QPK_20240514_0_L2A,OC-Q2,Opencast,Zone_A_10m,1,0.073,0.0914,0.1058,0.1256,0.1527,0.1646,0.1688,0.1822,0.2249,0.1952,0.2294,0.1254,0.1466,-0.2975,-0.105,0.1343,1.1524
2024-05-14,Summer,S2A_44QPK_20240514_0_L2A,OC-Q2,Opencast,Zone_B_50m,25,0.0743,0.09,0.0981,0.1235,0.1535,0.1661,0.1705,0.1832,0.2244,0.1928,0.2686,0.1506,0.157,-0.307,-0.1018,0.1461,1.1639
2024-05-14,Summer,S2A_44QPK_20240514_0_L2A,OC-Q2,Opencast,Zone_C_50m,81,0.0711,0.0864,0.0936,0.1208,0.1537,0.1676,0.1702,0.1841,0.2241,0.1893,0.2884,0.1591,0.1661,-0.3233,-0.0981,0.1609,1.1837
2024-05-14,Summer,S2A_44QPK_20240514_0_L2A,OC-Q2,Opencast,Zone_D_100m,317,0.0703,0.086,0.0943,0.1208,0.1526,0.166,0.1662,0.1827,0.2267,0.1897,0.2752,0.1491,0.1552,-0.3152,-0.1055,0.1569,1.1953
2024-05-14,Summer,S2A_44QPK_20240514_0_L2A,OC-Q3,Opencast,Zone_A_10m,1,0.08,0.1032,0.1342,0.1649,0.1753,0.1885,0.1859,0.2137,0.3339,0.2874,0.1615,0.0929,0.0597,-0.2861,-0.2194,0.0666,1.1618
2024-05-14,Summer,S2A_44QPK_20240514_0_L2A,OC-Q3,Opencast,Zone_B_50m,25,0.0849,0.1081,0.1364,0.1593,0.1754,0.1899,0.1945,0.2153,0.3311,0.2816,0.1792,0.1061,0.1003,-0.2884,-0.2117,0.0887,1.1777
2024-05-14,Summer,S2A_44QPK_20240514_0_L2A,OC-Q3,Opencast,Zone_C_50m,81,0.0816,0.1065,0.1356,0.1617,0.18,0.1947,0.1988,0.2193,0.3316,0.2776,0.1957,0.1141,0.1056,-0.3064,-0.2033,0.0958,1.1982
2024-05-14,Summer,S2A_44QPK_20240514_0_L2A,OC-Q3,Opencast,Zone_D_100m,317,0.0823,0.11,0.1405,0.1675,0.1863,0.2008,0.2034,0.2235,0.329,0.2711,0.1922,0.1123,0.0996,-0.303,-0.1902,0.0943,1.2198
2024-05-14,Summer,S2A_44QPK_20240514_0_L2A,OC-Q4,Opencast,Zone_A_10m,1,0.049,0.0682,0.0691,0.1177,0.1541,0.1725,0.1866,0.2029,0.2654,0.1966,0.4595,0.2381,0.2265,-0.4647,-0.1335,0.1889,1.35
2024-05-14,Summer,S2A_44QPK_20240514_0_L2A,OC-Q4,Opencast,Zone_B_50m,25,0.0549,0.0734,0.0813,0.1196,0.1547,0.1717,0.1781,0.1982,0.2704,0.2077,0.3756,0.1937,0.1966,-0.417,-0.1534,0.1792,1.3076
2024-05-14,Summer,S2A_44QPK_20240514_0_L2A,OC-Q4,Opencast,Zone_C_50m,81,0.0602,0.0792,0.0909,0.1256,0.1562,0.1717,0.1773,0.1975,0.2802,0.2223,0.3277,0.1712,0.1712,-0.3836,-0.1723,0.1561,1.2707
2024-05-14,Summer,S2A_44QPK_20240514_0_L2A,OC-Q4,Opencast,Zone_D_100m,317,0.0646,0.0836,0.1001,0.1307,0.1549,0.1693,0.1748,0.1942,0.2891,0.2361,0.2769,0.1458,0.1449,-0.3544,-0.1964,0.1299,1.2324
2024-05-14,Summer,S2A_44QPK_20240514_0_L2A,OC-Q5,Opencast,Zone_A_10m,1,0.0695,0.093,0.115,0.1455,0.1621,0.1748,0.1622,0.1967,0.3003,0.2456,0.1703,0.0887,0.0544,-0.2712,-0.2085,0.0915,1.2224
2024-05-14,Summer,S2A_44QPK_20240514_0_L2A,OC-Q5,Opencast,Zone_B_50m,25,0.0741,0.0935,0.1164,0.1438,0.1601,0.1728,0.172,0.1963,0.2987,0.2446,0.1936,0.1058,0.0888,-0.2963,-0.2074,0.0918,1.2215
2024-05-14,Summer,S2A_44QPK_20240514_0_L2A,OC-Q5,Opencast,Zone_C_50m,81,0.0736,0.093,0.1152,0.1428,0.1577,0.1712,0.1724,0.1942,0.2977,0.2445,0.1998,0.1092,0.0938,-0.2995,-0.2113,0.091,1.2182
2024-05-14,Summer,S2A_44QPK_20240514_0_L2A,OC-Q5,Opencast,Zone_D_100m,317,0.0741,0.0946,0.1154,0.1451,0.1636,0.1776,0.1784,0.2001,0.2969,0.2435,0.2156,0.1202,0.1028,-0.3067,-0.1963,0.1007,1.2216
2024-06-13,Monsoon,S2A_44QPK_20240613_0_L2A,UG-Q1,Underground,Zone_A_10m,1,0.0763,0.1058,0.1256,0.2215,0.2575,0.2797,0.2475,0.3181,0.3795,0.3083,0.3267,0.2133,0.0554,-0.4011,-0.0881,0.116,1.2312
2024-06-13,Monsoon,S2A_44QPK_20240613_0_L2A,UG-Q1,Underground,Zone_B_50m,25,0.0922,0.1337,0.1666,0.224,0.2621,0.2823,0.2717,0.3204,0.381,0.3115,0.2493,0.1695,0.0977,-0.3454,-0.0862,0.1169,1.2261
2024-06-13,Monsoon,S2A_44QPK_20240613_0_L2A,UG-Q1,Underground,Zone_C_50m,81,0.0971,0.1414,0.185,0.2269,0.264,0.2839,0.2808,0.3199,0.3813,0.3151,0.2128,0.1468,0.1065,-0.3322,-0.0872,0.1131,1.2128
2024-06-13,Monsoon,S2A_44QPK_20240613_0_L2A,UG-Q1,Underground,Zone_D_100m,317,0.0919,0.1374,0.1796,0.2224,0.2637,0.2849,0.2868,0.3204,0.3756,0.3076,0.2409,0.165,0.1289,-0.3557,-0.0772,0.1264,1.2286
2024-06-13,Monsoon,S2A_44QPK_20240613_0_L2A,UG-Q2,Underground,Zone_A_10m,1,0.0674,0.1162,0.115,0.1672,0.2244,0.2482,0.2734,0.2858,0.3175,0.233,0.4078,0.2716,0.241,-0.4035,-0.0526,0.1949,1.3628
2024-06-13,Monsoon,S2A_44QPK_20240613_0_L2A,UG-Q2,Underground,Zone_B_50m,25,0.0792,0.1189,0.1398,0.179,0.2301,0.2547,0.2695,0.2904,0.3277,0.2475,0.3246,0.2174,0.2014,-0.3909,-0.0602,0.1749,1.3253
2024-06-13,Monsoon,S2A_44QPK_20240613_0_L2A,UG-Q2,Underground,Zone_C_50m,81,0.0867,0.126,0.1526,0.1951,0.2418,0.2661,0.2713,0.3008,0.3433,0.2661,0.2866,0.1962,0.1633,-0.3681,-0.0656,0.1551,1.2924
2024-06-13,Monsoon,S2A_44QPK_20240613_0_L2A,UG-Q2,Underground,Zone_D_100m,317,0.0931,0.1338,0.1642,0.202,0.2488,0.2717,0.2765,0.3073,0.3499,0.2737,0.2599,0.1825,0.156,-0.3497,-0.0642,0.1482,1.2815
2024-06-13,Monsoon,S2A_44QPK_20240613_0_L2A,UG-Q3,Underground,Zone_A_10m,1,0.0489,0.0836,0.067,0.1237,0.1709,0.1843,0.2396,0.2037,0.1808,0.125,0.5629,0.3385,0.3189,-0.4827,0.0594,0.1968,1.4471
2024-06-13,Monsoon,S2A_44QPK_20240613_0_L2A,UG-Q3,Underground,Zone_B_50m,25,0.0652,0.0955,0.0967,0.1256,0.1637,0.1792,0.2008,0.1975,0.1883,0.1346,0.2916,0.1895,0.1648,-0.2874,-0.0065,0.1473,1.4017
2024-06-13,Monsoon,S2A_44QPK_20240613_0_L2A,UG-Q3,Underground,Zone_C_50m,81,0.0671,0.0974,0.1044,0.1295,0.1623,0.1789,0.185,0.1964,0.2041,0.1489,0.2132,0.1418,0.1038,-0.2262,-0.0542,0.1321,1.376
2024-06-13,Monsoon,S2A_44QPK_20240613_0_L2A,UG-Q3,Underground,Zone_D_100m,317,0.0734,0.1058,0.1188,0.1509,0.1886,0.2073,0.2057,0.231,0.2513,0.1866,0.2283,0.1502,0.1097,-0.2694,-0.0554,0.1416,1.3528
2024-06-13,Monsoon,S2A_44QPK_20240613_0_L2A,UG-Q4,Underground,Zone_A_10m,1,0.0538,0.084,0.0884,0.1504,0.2248,0.2568,0.271,0.2929,0.2962,0.218,0.5081,0.3266,0.2862,-0.5268,-0.0055,0.2612,1.3586
2024-06-13,Monsoon,S2A_44QPK_20240613_0_L2A,UG-Q4,Underground,Zone_B_50m,25,0.06,0.0901,0.0979,0.1469,0.2178,0.2471,0.2505,0.2846,0.2865,0.2113,0.4408,0.2766,0.2597,-0.4717,-0.0032,0.2541,1.3585
2024-06-13,Monsoon,S2A_44QPK_20240613_0_L2A,UG-Q4,Underground,Zone_C_50m,81,0.0572,0.0859,0.0912,0.1399,0.2123,0.2393,0.2429,0.2753,0.2716,0.1994,0.4585,0.2802,0.2684,-0.479,0.0068,0.2623,1.3648
2024-06-13,Monsoon,S2A_44QPK_20240613_0_L2A,UG-Q4,Underground,Zone_D_100m,317,0.0708,0.0994,0.1097,0.1512,0.2107,0.2341,0.237,0.2664,0.2799,0.2185,0.3759,0.2346,0.2209,-0.4129,-0.024,0.2167,1.2921
2024-06-13,Monsoon,S2A_44QPK_20240613_0_L2A,UG-Q5,Underground,Zone_A_10m,1,0.0752,0.1036,0.1036,0.1572,0.2081,0.2268,0.2187,0.2514,0.2747,0.2161,0.3571,0.2255,0.1635,-0.3571,-0.0442,0.1813,1.2712
2024-06-13,Monsoon,S2A_44QPK_20240613_0_L2A,UG-Q5,Underground,Zone_B_50m,25,0.0663,0.1003,0.1063,0.1526,0.2107,0.2295,0.2241,0.2575,0.2711,0.2083,0.3529,0.2144,0.1853,-0.3768,-0.0266,0.201,1.303
2024-06-13,Monsoon,S2A_44QPK_20240613_0_L2A,UG-Q5,Underground,Zone_C_50m,81,0.0639,0.098,0.1037,0.1537,0.2162,0.2362,0.2341,0.2669,0.2748,0.2081,0.3838,0.2361,0.2041,-0.406,-0.0155,0.2116,1.3229
2024-06-13,Monsoon,S2A_44QPK_20240613_0_L2A,UG-Q5,Underground,Zone_D_100m,317,0.0635,0.1001,0.1076,0.1598,0.2239,0.2458,0.2477,0.2802,0.2891,0.2167,0.3952,0.2475,0.2143,-0.4227,-0.0154,0.2125,1.3384
2024-06-13,Monsoon,S2A_44QPK_20240613_0_L2A,OC-Q1,Opencast,Zone_A_10m,1,0.0362,0.0524,0.0512,0.0938,0.1579,0.1734,0.1776,0.2006,0.1735,0.1101,0.5524,0.2604,0.3087,-0.5443,0.0725,0.2978,1.5758
2024-06-13,Monsoon,S2A_44QPK_20240613_0_L2A,OC-Q1,Opencast,Zone_B_50m,25,0.0391,0.0587,0.0533,0.0947,0.1581,0.1752,0.1821,0.2014,0.1758,0.1136,0.5468,0.2665,0.3145,-0.5123,0.0672,0.2975,1.5494
2024-06-13,Monsoon,S2A_44QPK_20240613_0_L2A,OC-Q1,Opencast,Zone_C_50m,81,0.0402,0.0596,0.0554,0.0948,0.157,0.1735,0.1784,0.1988,0.1784,0.1186,0.5242,0.2542,0.3039,-0.498,0.0524,0.2921,1.5086
2024-06-13,Monsoon,S2A_44QPK_20240613_0_L2A,OC-Q1,Opencast,Zone_D_100m,317,0.0439,0.0626,0.06,0.0959,0.1533,0.17,0.172,0.1924,0.1828,0.1279,0.4752,0.2312,0.276,-0.4594,0.0185,0.2736,1.4373
2024-06-13,Monsoon,S2A_44QPK_20240613_0_L2A,OC-Q2,Opencast,Zone_A_10m,1,0.0774,0.1022,0.11,0.1367,0.1774,0.193,0.1946,0.2145,0.2275,0.1878,0.2777,0.166,0.1747,-0.3113,-0.0295,0.1706,1.2111
2024-06-13,Monsoon,S2A_44QPK_20240613_0_L2A,OC-Q2,Opencast,Zone_B_50m,25,0.0747,0.0982,0.1027,0.1353,0.1787,0.1948,0.2016,0.217,0.2284,0.1861,0.3214,0.1954,0.1908,-0.3403,-0.0278,0.1773,1.2276
2024-06-13,Monsoon,S2A_44QPK_20240613_0_L2A,OC-Q2,Opencast,Zone_C_50m,81,0.0712,0.0943,0.0982,0.1335,0.1808,0.1981,0.2031,0.2214,0.2302,0.1827,0.3415,0.2062,0.1989,-0.3587,-0.0224,0.1908,1.2606
2024-06-13,Monsoon,S2A_44QPK_20240613_0_L2A,OC-Q2,Opencast,Zone_D_100m,317,0.0715,0.0948,0.1009,0.1347,0.1799,0.1969,0.1973,0.2201,0.2352,0.1851,0.319,0.1885,0.182,-0.3448,-0.0337,0.1846,1.2709
2024-06-13,Monsoon,S2A_44QPK_20240613_0_L2A,OC-Q3,Opencast,Zone_A_10m,1,0.1032,0.1316,0.1662,0.198,0.2174,0.2373,0.2381,0.2676,0.3616,0.2972,0.1778,0.123,0.092,-0.2881,-0.1494,0.0903,1.2168
2024-06-13,Monsoon,S2A_44QPK_20240613_0_L2A,OC-Q3,Opencast,Zone_B_50m,25,0.0971,0.1327,0.1632,0.1898,0.2156,0.235,0.2365,0.2669,0.3533,0.2845,0.1886,0.1243,0.1105,-0.2854,-0.1391,0.1077,1.2438
2024-06-13,Monsoon,S2A_44QPK_20240613_0_L2A,OC-Q3,Opencast,Zone_C_50m,81,0.0884,0.1253,0.1553,0.1883,0.2191,0.238,0.2388,0.2699,0.3484,0.2751,0.2204,0.1414,0.1201,-0.3168,-0.1265,0.1187,1.2697
2024-06-13,Monsoon,S2A_44QPK_20240613_0_L2A,OC-Q3,Opencast,Zone_D_100m,317,0.0914,0.1322,0.1647,0.197,0.229,0.2464,0.2473,0.276,0.3492,0.2714,0.2126,0.1375,0.1163,-0.3106,-0.116,0.1153,1.2941
2024-06-13,Monsoon,S2A_44QPK_20240613_0_L2A,OC-Q4,Opencast,Zone_A_10m,1,0.0471,0.0716,0.0636,0.1192,0.1935,0.2183,0.2194,0.2542,0.2589,0.1749,0.5505,0.3122,0.296,-0.5079,-0.0091,0.2936,1.4798
2024-06-13,Monsoon,S2A_44QPK_20240613_0_L2A,OC-Q4,Opencast,Zone_B_50m,25,0.0503,0.0756,0.075,0.1247,0.1973,0.2215,0.2243,0.2548,0.2656,0.1858,0.5012,0.2884,0.2862,-0.4966,-0.0198,0.2804,1.4361
2024-06-13,Monsoon,S2A_44QPK_20240613_0_L2A,OC-Q4,Opencast,Zone_C_50m,81,0.055,0.082,0.0846,0.1325,0.2022,0.2249,0.2273,0.2583,0.2755,0.1981,0.4643,0.2718,0.2652,-0.4722,-0.0306,0.2605,1.4051
2024-06-13,Monsoon,S2A_44QPK_20240613_0_L2A,OC-Q4,Opencast,Zone_D_100m,317,0.0593,0.0879,0.0947,0.1397,0.2019,0.2235,0.2267,0.2569,0.2861,0.2114,0.4197,0.2473,0.2392,-0.4438,-0.052,0.2328,1.3719
2024-06-13,Monsoon,S2A_44QPK_20240613_0_L2A,OC-Q5,Opencast,Zone_A_10m,1,0.0762,0.1024,0.1232,0.1678,0.2034,0.2193,0.205,0.2491,0.3233,0.2472,0.2492,0.149,0.0997,-0.3338,-0.1297,0.133,1.3081
2024-06-13,Monsoon,S2A_44QPK_20240613_0_L2A,OC-Q5,Opencast,Zone_B_50m,25,0.0764,0.1064,0.1278,0.1659,0.2004,0.2175,0.2151,0.2476,0.3228,0.2487,0.2561,0.1551,0.1291,-0.3392,-0.1321,0.1352,1.2985
2024-06-13,Monsoon,S2A_44QPK_20240613_0_L2A,OC-Q5,Opencast,Zone_C_50m,81,0.0765,0.1055,0.1272,0.1635,0.1971,0.2146,0.214,0.2455,0.3217,0.2494,0.2571,0.1552,0.1345,-0.3413,-0.135,0.1362,1.2914
2024-06-13,Monsoon,S2A_44QPK_20240613_0_L2A,OC-Q5,Opencast,Zone_D_100m,317,0.0756,0.1058,0.1257,0.1639,0.2015,0.2191,0.2197,0.2508,0.3192,0.247,0.2756,0.1676,0.1463,-0.3515,-0.121,0.145,1.2943
2024-10-06,Monsoon,S2B_44QPK_20241006_0_L2A,UG-Q1,Underground,Zone_A_10m,1,0.0535,0.084,0.0552,0.1393,0.2846,0.3422,0.3264,0.3684,0.2643,0.1631,0.7107,0.5397,0.4017,-0.5906,0.1644,0.4213,1.6204
2024-10-06,Monsoon,S2B_44QPK_20241006_0_L2A,UG-Q1,Underground,Zone_B_50m,25,0.0649,0.0888,0.0761,0.1418,0.2773,0.3273,0.3056,0.3538,0.2685,0.1717,0.5914,0.4465,0.3568,-0.5404,0.1357,0.3944,1.567
2024-10-06,Monsoon,S2B_44QPK_20241006_0_L2A,UG-Q1,Underground,Zone_C_50m,81,0.0656,0.0917,0.0834,0.1422,0.2726,0.3189,0.3093,0.3461,0.2704,0.177,0.5714,0.4272,0.364,-0.5375,0.1214,0.381,1.5376
2024-10-06,Monsoon,S2B_44QPK_20241006_0_L2A,UG-Q1,Underground,Zone_D_100m,317,0.0603,0.0857,0.0732,0.138,0.2798,0.33,0.3263,0.3568,0.2601,0.162,0.6349,0.4828,0.4034,-0.583,0.1582,0.4106,1.6251
2024-10-06,Monsoon,S2B_44QPK_20241006_0_L2A,UG-Q2,Underground,Zone_A_10m,1,0.0364,0.0526,0.0334,0.1013,0.26,0.3108,0.2713,0.3453,0.1915,0.1024,0.7808,0.4962,0.4561,-0.6752,0.2864,0.5082,1.8702
2024-10-06,Monsoon,S2B_44QPK_20241006_0_L2A,UG-Q2,Underground,Zone_B_50m,25,0.0433,0.0636,0.0406,0.1028,0.2553,0.3106,0.3115,0.3401,0.1938,0.1069,0.7691,0.5495,0.5008,-0.66,0.2743,0.5019,1.8293
2024-10-06,Monsoon,S2B_44QPK_20241006_0_L2A,UG-Q2,Underground,Zone_C_50m,81,0.0459,0.0666,0.0456,0.1064,0.253,0.3106,0.3087,0.3348,0.199,0.116,0.7416,0.5317,0.4855,-0.6431,0.2575,0.4909,1.7736
2024-10-06,Monsoon,S2B_44QPK_20241006_0_L2A,UG-Q2,Underground,Zone_D_100m,317,0.0513,0.0734,0.0568,0.113,0.2519,0.3082,0.3078,0.3311,0.2076,0.1299,0.6903,0.4993,0.4616,-0.6132,0.2341,0.465,1.6978
2024-10-06,Monsoon,S2B_44QPK_20241006_0_L2A,UG-Q3,Underground,Zone_A_10m,1,0.0453,0.0548,0.0442,0.1032,0.1484,0.1713,0.1489,0.1826,0.1194,0.0759,0.5422,0.2436,0.1815,-0.462,0.2092,0.2484,1.5722
2024-10-06,Monsoon,S2B_44QPK_20241006_0_L2A,UG-Q3,Underground,Zone_B_50m,19,0.0556,0.0773,0.061,0.1089,0.1786,0.2097,0.239,0.2185,0.1368,0.0869,0.5094,0.3621,0.2983,-0.4336,0.2039,0.2868,1.5854
2024-10-06,Monsoon,S2B_44QPK_20241006_0_L2A,UG-Q3,Underground,Zone_C_50m,67,0.0621,0.0864,0.0767,0.1193,0.1964,0.2319,0.2453,0.24,0.1603,0.1078,0.4471,0.3339,0.2689,-0.3988,0.1708,0.2847,1.5523
2024-10-06,Monsoon,S2B_44QPK_20241006_0_L2A,UG-Q3,Underground,Zone_D_100m,296,0.0681,0.0943,0.0893,0.1318,0.2224,0.2617,0.2653,0.275,0.2033,0.1428,0.4687,0.3439,0.3002,-0.4363,0.1474,0.3132,1.5365
2024-10-06,Monsoon,S2B_44QPK_20241006_0_L2A,UG-Q4,Underground,Zone_A_10m,1,0.0457,0.0643,0.0434,0.1076,0.2482,0.2936,0.2974,0.3233,0.199,0.1085,0.7453,0.5226,0.4686,-0.6445,0.2381,0.4636,1.8346
2024-10-06,Monsoon,S2B_44QPK_20241006_0_L2A,UG-Q4,Underground,Zone_B_50m,25,0.0452,0.0679,0.0439,0.1054,0.2408,0.2878,0.2983,0.3119,0.193,0.1055,0.7433,0.5193,0.4755,-0.6288,0.2355,0.4636,1.8327
2024-10-06,Monsoon,S2B_44QPK_20241006_0_L2A,UG-Q4,Underground,Zone_C_50m,81,0.0447,0.0645,0.0454,0.1016,0.2358,0.2799,0.2778,0.3042,0.1875,0.1039,0.7177,0.4775,0.4605,-0.6215,0.2371,0.4671,1.8107
2024-10-06,Monsoon,S2B_44QPK_20241006_0_L2A,UG-Q4,Underground,Zone_D_100m,317,0.0551,0.0756,0.0606,0.1155,0.2343,0.2761,0.2806,0.2991,0.2101,0.1355,0.6461,0.4464,0.4128,-0.5742,0.1742,0.4094,1.6113
2024-10-06,Monsoon,S2B_44QPK_20241006_0_L2A,UG-Q5,Underground,Zone_A_10m,1,0.0717,0.0903,0.0818,0.1222,0.2667,0.3207,0.2873,0.3364,0.2142,0.1315,0.5568,0.4142,0.4032,-0.5217,0.2219,0.4482,1.6284
2024-10-06,Monsoon,S2B_44QPK_20241006_0_L2A,UG-Q5,Underground,Zone_B_50m,25,0.0595,0.0808,0.0637,0.1151,0.2652,0.3158,0.3117,0.3382,0.2066,0.1225,0.6541,0.4954,0.4538,-0.5815,0.241,0.4648,1.7103
2024-10-06,Monsoon,S2B_44QPK_20241006_0_L2A,UG-Q5,Underground,Zone_C_50m,81,0.0529,0.0736,0.0533,0.1092,0.2704,0.3252,0.3239,0.3485,0.2007,0.112,0.7126,0.541,0.4905,-0.6244,0.2683,0.4961,1.8306
2024-10-06,Monsoon,S2B_44QPK_20241006_0_L2A,UG-Q5,Underground,Zone_D_100m,317,0.0488,0.0706,0.0467,0.1068,0.2762,0.3331,0.3328,0.3589,0.1965,0.1026,0.751,0.5724,0.5112,-0.647,0.2918,0.514,1.9521
2024-10-06,Monsoon,S2B_44QPK_20241006_0_L2A,OC-Q1,Opencast,Zone_A_10m,1,0.0382,0.0461,0.0312,0.0735,0.177,0.2137,0.1942,0.2342,0.1385,0.0719,0.7232,0.3722,0.4506,-0.6163,0.2567,0.4879,1.9263
2024-10-06,Monsoon,S2B_44QPK_20241006_0_L2A,OC-Q1,Opencast,Zone_B_50m,25,0.0403,0.0497,0.0356,0.0732,0.1772,0.2136,0.2155,0.2315,0.1421,0.074,0.7149,0.3985,0.4904,-0.6233,0.2393,0.4888,1.9215
2024-10-06,Monsoon,S2B_44QPK_20241006_0_L2A,OC-Q1,Opencast,Zone_C_50m,81,0.0405,0.0498,0.0363,0.0738,0.1761,0.2106,0.2125,0.2277,0.1448,0.0783,0.707,0.3905,0.4823,-0.6183,0.2217,0.4795,1.8556
2024-10-06,Monsoon,S2B_44QPK_20241006_0_L2A,OC-Q1,Opencast,Zone_D_100m,312,0.043,0.0518,0.0399,0.0744,0.1631,0.1942,0.1916,0.2085,0.1455,0.0865,0.644,0.3395,0.4287,-0.5631,0.1704,0.4388,1.7052
2024-10-06,Monsoon,S2B_44QPK_20241006_0_L2A,OC-Q2,Opencast,Zone_A_10m,1,0.0718,0.0902,0.0894,0.1128,0.1807,0.2104,0.2388,0.2259,0.1963,0.1525,0.4552,0.302,0.3584,-0.4517,0.0701,0.302,1.2872
2024-10-06,Monsoon,S2B_44QPK_20241006_0_L2A,OC-Q2,Opencast,Zone_B_50m,25,0.0639,0.0775,0.0704,0.1097,0.1781,0.2072,0.2155,0.2226,0.1952,0.1489,0.4981,0.3116,0.3151,-0.4612,0.0604,0.3011,1.317
2024-10-06,Monsoon,S2B_44QPK_20241006_0_L2A,OC-Q2,Opencast,Zone_C_50m,81,0.0612,0.0748,0.0678,0.1055,0.1784,0.2081,0.2106,0.2229,0.1922,0.1419,0.4943,0.3033,0.3139,-0.4573,0.0633,0.3152,1.3725
2024-10-06,Monsoon,S2B_44QPK_20241006_0_L2A,OC-Q2,Opencast,Zone_D_100m,317,0.0602,0.0745,0.0654,0.1059,0.1863,0.2177,0.2163,0.2335,0.191,0.136,0.5052,0.3183,0.3156,-0.4602,0.0815,0.3263,1.4346
2024-10-06,Monsoon,S2B_44QPK_20241006_0_L2A,OC-Q3,Opencast,Zone_A_10m,1,0.0648,0.0908,0.0853,0.1772,0.2407,0.2728,0.2679,0.2792,0.2549,0.1917,0.517,0.3529,0.2039,-0.4937,0.0455,0.2125,1.3299
2024-10-06,Monsoon,S2B_44QPK_20241006_0_L2A,OC-Q3,Opencast,Zone_B_50m,25,0.0831,0.1143,0.119,0.1657,0.2322,0.2606,0.245,0.2692,0.2421,0.1785,0.3629,0.2399,0.1935,-0.3712,0.0609,0.2258,1.3961
2024-10-06,Monsoon,S2B_44QPK_20241006_0_L2A,OC-Q3,Opencast,Zone_C_50m,81,0.0743,0.1056,0.111,0.1598,0.2337,0.2632,0.2522,0.2725,0.2402,0.1709,0.4038,0.2654,0.2255,-0.4138,0.0707,0.2477,1.446
2024-10-06,Monsoon,S2B_44QPK_20241006_0_L2A,OC-Q3,Opencast,Zone_D_100m,317,0.0717,0.1032,0.1055,0.1577,0.244,0.2765,0.269,0.288,0.2502,0.1707,0.4492,0.3061,0.261,-0.4478,0.0737,0.2759,1.4945
2024-10-06,Monsoon,S2B_44QPK_20241006_0_L2A,OC-Q4,Opencast,Zone_A_10m,1,0.0379,0.054,0.0334,0.0831,0.2259,0.2715,0.274,0.2955,0.1823,0.0872,0.7827,0.5054,0.5345,-0.6707,0.237,0.5312,2.0899
2024-10-06,Monsoon,S2B_44QPK_20241006_0_L2A,OC-Q4,Opencast,Zone_B_50m,25,0.0367,0.0548,0.0335,0.0886,0.2303,0.2771,0.2733,0.3015,0.1891,0.0918,0.7817,0.5002,0.5102,-0.6659,0.2292,0.5156,2.0623
2024-10-06,Monsoon,S2B_44QPK_20241006_0_L2A,OC-Q4,Opencast,Zone_C_50m,81,0.0387,0.0583,0.0358,0.0939,0.2357,0.2814,0.2765,0.3062,0.1966,0.0979,0.7709,0.5011,0.4932,-0.6518,0.2183,0.5004,2.0176
2024-10-06,Monsoon,S2B_44QPK_20241006_0_L2A,OC-Q4,Opencast,Zone_D_100m,317,0.0421,0.0638,0.0415,0.1026,0.2429,0.2874,0.2849,0.3123,0.2066,0.1087,0.7486,0.5001,0.4724,-0.6355,0.205,0.4765,1.9346
2024-10-06,Monsoon,S2B_44QPK_20241006_0_L2A,OC-Q5,Opencast,Zone_A_10m,1,0.0476,0.0744,0.0452,0.1238,0.2641,0.3142,0.3151,0.338,0.2169,0.1201,0.7491,0.5489,0.4359,-0.618,0.2182,0.4347,1.806
2024-10-06,Monsoon,S2B_44QPK_20241006_0_L2A,OC-Q5,Opencast,Zone_B_50m,25,0.049,0.0763,0.0521,0.122,0.2592,0.3047,0.3088,0.3297,0.2128,0.1183,0.7126,0.5125,0.433,-0.6036,0.2174,0.4281,1.8135
2024-10-06,Monsoon,S2B_44QPK_20241006_0_L2A,OC-Q5,Opencast,Zone_C_50m,81,0.0484,0.0748,0.0523,0.1207,0.2508,0.2933,0.2944,0.318,0.2086,0.117,0.6987,0.4866,0.4174,-0.5942,0.2105,0.4165,1.8043
2024-10-06,Monsoon,S2B_44QPK_20241006_0_L2A,OC-Q5,Opencast,Zone_D_100m,317,0.0484,0.0735,0.0528,0.1197,0.2471,0.2885,0.2842,0.3127,0.2109,0.12,0.6875,0.4677,0.406,-0.5882,0.1979,0.4138,1.788
2024-11-20,Winter,S2A_44QPK_20241120_0_L2A,UG-Q1,Underground,Zone_A_10m,1,0.0548,0.0826,0.0746,0.1514,0.2276,0.2586,0.2659,0.2887,0.2773,0.1827,0.5618,0.3672,0.2745,-0.526,0.0201,0.2616,1.5176
2024-11-20,Winter,S2A_44QPK_20241120_0_L2A,UG-Q1,Underground,Zone_B_50m,25,0.0684,0.0903,0.0987,0.1489,0.2196,0.2488,0.2512,0.2792,0.2778,0.1891,0.4346,0.2848,0.2509,-0.4676,0.0031,0.252,1.471
2024-11-20,Winter,S2A_44QPK_20241120_0_L2A,UG-Q1,Underground,Zone_C_50m,81,0.0709,0.0946,0.1084,0.1489,0.2148,0.242,0.2537,0.2728,0.28,0.1938,0.4021,0.2641,0.2568,-0.4548,-0.0125,0.2383,1.4471
2024-11-20,Winter,S2A_44QPK_20241120_0_L2A,UG-Q1,Underground,Zone_D_100m,317,0.0665,0.0896,0.1011,0.1469,0.2188,0.2477,0.262,0.2769,0.2756,0.1866,0.4472,0.2951,0.2802,-0.4898,0.0072,0.2575,1.4933
2024-11-20,Winter,S2A_44QPK_20241120_0_L2A,UG-Q2,Underground,Zone_A_10m,1,0.047,0.0594,0.0654,0.1315,0.2104,0.2351,0.2011,0.2657,0.2436,0.1515,0.5092,0.2734,0.2091,-0.544,0.0435,0.2825,1.608
2024-11-20,Winter,S2A_44QPK_20241120_0_L2A,UG-Q2,Underground,Zone_B_50m,25,0.0552,0.0754,0.0833,0.1397,0.208,0.2329,0.2404,0.263,0.2546,0.1664,0.4865,0.2963,0.2636,-0.5204,0.0193,0.2535,1.5438
2024-11-20,Winter,S2A_44QPK_20241120_0_L2A,UG-Q2,Underground,Zone_C_50m,81,0.0628,0.0866,0.1024,0.1482,0.208,0.2327,0.2462,0.2622,0.2694,0.1859,0.4201,0.2613,0.2482,-0.4803,-0.0097,0.2258,1.4668
2024-11-20,Winter,S2A_44QPK_20241120_0_L2A,UG-Q2,Underground,Zone_D_100m,317,0.0677,0.0925,0.1121,0.1525,0.2094,0.2346,0.2483,0.2628,0.2774,0.1966,0.3836,0.2433,0.2384,-0.4576,-0.024,0.2143,1.4259
2024-11-20,Winter,S2A_44QPK_20241120_0_L2A,UG-Q3,Underground,Zone_A_10m,1,0.0515,0.0634,0.0568,0.1172,0.1533,0.1683,0.1495,0.1676,0.1293,0.0841,0.4493,0.2099,0.1211,-0.4044,0.129,0.1789,1.538
2024-11-20,Winter,S2A_44QPK_20241120_0_L2A,UG-Q3,Underground,Zone_B_50m,25,0.0638,0.0842,0.084,0.1198,0.1532,0.1683,0.1823,0.1724,0.1413,0.0945,0.3279,0.1955,0.1635,-0.3248,0.089,0.1566,1.511
2024-11-20,Winter,S2A_44QPK_20241120_0_L2A,UG-Q3,Underground,Zone_C_50m,81,0.0709,0.0959,0.1019,0.1326,0.1656,0.1824,0.196,0.1925,0.1737,0.1249,0.2884,0.1783,0.1579,-0.3079,0.0499,0.1486,1.4472
2024-11-20,Winter,S2A_44QPK_20241120_0_L2A,UG-Q3,Underground,Zone_D_100m,317,0.0772,0.1048,0.1192,0.1515,0.1897,0.2082,0.2245,0.2251,0.2272,0.1709,0.3002,0.1911,0.1783,-0.3461,0.0092,0.1571,1.4032
2024-11-20,Winter,S2A_44QPK_20241120_0_L2A,UG-Q4,Underground,Zone_A_10m,1,0.0538,0.0706,0.0633,0.1101,0.194,0.2146,0.2336,0.244,0.1895,0.1144,0.5736,0.3519,0.3595,-0.5358,0.1258,0.322,1.6564
2024-11-20,Winter,S2A_44QPK_20241120_0_L2A,UG-Q4,Underground,Zone_B_50m,25,0.0536,0.0722,0.0715,0.1098,0.1846,0.2076,0.2211,0.2319,0.1871,0.1149,0.5099,0.2997,0.3321,-0.5061,0.1081,0.3078,1.6427
2024-11-20,Winter,S2A_44QPK_20241120_0_L2A,UG-Q4,Underground,Zone_C_50m,81,0.0546,0.0726,0.0742,0.1097,0.1795,0.2036,0.2072,0.2266,0.1883,0.1185,0.4716,0.2678,0.3019,-0.4778,0.094,0.2988,1.6175
2024-11-20,Winter,S2A_44QPK_20241120_0_L2A,UG-Q4,Underground,Zone_D_100m,317,0.0633,0.0827,0.0886,0.1242,0.1841,0.2059,0.2201,0.2292,0.2167,0.1524,0.4305,0.2588,0.2766,-0.4539,0.0328,0.2489,1.4577
2024-11-20,Winter,S2A_44QPK_20241120_0_L2A,UG-Q5,Underground,Zone_A_10m,1,0.0722,0.086,0.0902,0.1115,0.1947,0.2206,0.2176,0.2366,0.1829,0.1194,0.4139,0.2616,0.3224,-0.4335,0.1279,0.3284,1.532
2024-11-20,Winter,S2A_44QPK_20241120_0_L2A,UG-Q5,Underground,Zone_B_50m,25,0.0557,0.075,0.0705,0.1073,0.1999,0.2277,0.2361,0.2459,0.1787,0.1107,0.5338,0.3331,0.3684,-0.5105,0.157,0.3584,1.6371
2024-11-20,Winter,S2A_44QPK_20241120_0_L2A,UG-Q5,Underground,Zone_C_50m,81,0.0501,0.071,0.0615,0.1057,0.2108,0.2417,0.254,0.2623,0.1748,0.1008,0.6035,0.385,0.406,-0.5563,0.1983,0.3896,1.7797
2024-11-20,Winter,S2A_44QPK_20241120_0_L2A,UG-Q5,Underground,Zone_D_100m,317,0.0466,0.0695,0.056,0.1078,0.2212,0.2539,0.2689,0.2772,0.1721,0.0915,0.6504,0.4229,0.4238,-0.5844,0.233,0.4031,1.9292
2024-11-20,Winter,S2A_44QPK_20241120_0_L2A,OC-Q1,Opencast,Zone_A_10m,1,0.0514,0.0668,0.0636,0.0916,0.1697,0.1908,0.1774,0.2015,0.132,0.0703,0.4722,0.2424,0.3192,-0.4529,0.2086,0.3515,1.8782
2024-11-20,Winter,S2A_44QPK_20241120_0_L2A,OC-Q1,Opencast,Zone_B_50m,25,0.0555,0.0701,0.064,0.0915,0.1637,0.1858,0.1959,0.1993,0.1332,0.0719,0.5056,0.2828,0.3612,-0.4715,0.199,0.3397,1.8531
2024-11-20,Winter,S2A_44QPK_20241120_0_L2A,OC-Q1,Opencast,Zone_C_50m,81,0.0555,0.07,0.0636,0.0915,0.1612,0.1817,0.194,0.196,0.1347,0.075,0.5035,0.2803,0.3563,-0.4669,0.1846,0.3291,1.799
2024-11-20,Winter,S2A_44QPK_20241120_0_L2A,OC-Q1,Opencast,Zone_D_100m,263,0.0567,0.0716,0.0662,0.0933,0.1582,0.1783,0.1875,0.1916,0.1392,0.0823,0.4739,0.2606,0.3308,-0.4425,0.1567,0.3108,1.7084
2024-11-20,Winter,S2A_44QPK_20241120_0_L2A,OC-Q2,Opencast,Zone_A_10m,1,0.0717,0.1001,0.1052,0.1315,0.1818,0.2006,0.2308,0.2092,0.1986,0.1484,0.3738,0.2371,0.2741,-0.395,0.0261,0.208,1.3381
2024-11-20,Winter,S2A_44QPK_20241120_0_L2A,OC-Q2,Opencast,Zone_B_50m,25,0.0739,0.0933,0.0944,0.1281,0.1774,0.195,0.2094,0.2074,0.196,0.1468,0.3761,0.2354,0.2364,-0.38,0.0267,0.2042,1.3414
2024-11-20,Winter,S2A_44QPK_20241120_0_L2A,OC-Q2,Opencast,Zone_C_50m,81,0.0733,0.0924,0.0937,0.1239,0.172,0.1893,0.2018,0.2039,0.1934,0.1419,0.3618,0.2213,0.2332,-0.3664,0.0237,0.2053,1.3738
2024-11-20,Winter,S2A_44QPK_20241120_0_L2A,OC-Q2,Opencast,Zone_D_100m,317,0.0727,0.0919,0.0951,0.1251,0.1722,0.1885,0.1983,0.2042,0.1977,0.143,0.3458,0.2091,0.2197,-0.3593,0.0141,0.1986,1.3899
2024-11-20,Winter,S2A_44QPK_20241120_0_L2A,OC-Q3,Opencast,Zone_A_10m,1,0.0795,0.1162,0.13,0.1835,0.2117,0.2279,0.2375,0.2405,0.274,0.2117,0.2925,0.1891,0.1282,-0.3429,-0.0651,0.1079,1.2941
2024-11-20,Winter,S2A_44QPK_20241120_0_L2A,OC-Q3,Opencast,Zone_B_50m,25,0.0887,0.1205,0.1417,0.1752,0.212,0.229,0.2362,0.2444,0.2715,0.2041,0.2619,0.1687,0.1489,-0.3319,-0.0505,0.1351,1.3481
2024-11-20,Winter,S2A_44QPK_20241120_0_L2A,OC-Q3,Opencast,Zone_C_50m,81,0.0828,0.1143,0.1336,0.1729,0.2164,0.2355,0.2419,0.2522,0.2744,0.2003,0.2979,0.1936,0.1681,-0.3626,-0.0392,0.1559,1.3889
2024-11-20,Winter,S2A_44QPK_20241120_0_L2A,OC-Q3,Opencast,Zone_D_100m,317,0.0825,0.116,0.1363,0.1789,0.2278,0.2471,0.2562,0.2658,0.287,0.2021,0.3188,0.2111,0.1816,-0.3828,-0.0349,0.165,1.4404
2024-11-20,Winter,S2A_44QPK_20241120_0_L2A,OC-Q4,Opencast,Zone_A_10m,1,0.0477,0.0706,0.0602,0.103,0.1972,0.226,0.2442,0.2465,0.1799,0.0884,0.6045,0.3687,0.4066,-0.5515,0.156,0.3739,2.0347
2024-11-20,Winter,S2A_44QPK_20241120_0_L2A,OC-Q4,Opencast,Zone_B_50m,25,0.0478,0.0703,0.0595,0.1055,0.1989,0.2254,0.2345,0.2497,0.1841,0.0934,0.5952,0.3549,0.3792,-0.5384,0.1513,0.3625,1.9761
2024-11-20,Winter,S2A_44QPK_20241120_0_L2A,OC-Q4,Opencast,Zone_C_50m,81,0.0501,0.0736,0.0636,0.1111,0.2005,0.2265,0.2369,0.2506,0.1923,0.101,0.5765,0.3487,0.3615,-0.526,0.1327,0.3424,1.9178
2024-11-20,Winter,S2A_44QPK_20241120_0_L2A,OC-Q4,Opencast,Zone_D_100m,317,0.0535,0.0779,0.0699,0.1189,0.2044,0.2302,0.242,0.2542,0.2038,0.1125,0.5526,0.3422,0.3414,-0.5126,0.1116,0.3199,1.8402
2024-11-20,Winter,S2A_44QPK_20241120_0_L2A,OC-Q5,Opencast,Zone_A_10m,1,0.0573,0.08,0.0826,0.1354,0.2018,0.2256,0.2314,0.2499,0.228,0.1365,0.4739,0.2868,0.2617,-0.4862,0.0457,0.2499,1.6709
2024-11-20,Winter,S2A_44QPK_20241120_0_L2A,OC-Q5,Opencast,Zone_B_50m,25,0.0602,0.081,0.0861,0.1375,0.2034,0.2263,0.2401,0.2555,0.2306,0.1385,0.4725,0.2948,0.2716,-0.4952,0.0535,0.2448,1.6703
2024-11-20,Winter,S2A_44QPK_20241120_0_L2A,OC-Q5,Opencast,Zone_C_50m,81,0.0609,0.0834,0.0884,0.1394,0.2039,0.2279,0.2436,0.2578,0.2326,0.1407,0.4692,0.2946,0.2724,-0.4906,0.0554,0.2417,1.6619
2024-11-20,Winter,S2A_44QPK_20241120_0_L2A,OC-Q5,Opencast,Zone_D_100m,317,0.0605,0.084,0.0874,0.1386,0.2055,0.2291,0.2434,0.2579,0.2333,0.1418,0.4748,0.2974,0.2754,-0.4874,0.056,0.2481,1.6625
2024-12-30,Winter,S2A_44QPK_20241230_0_L2A,UG-Q1,Underground,Zone_A_10m,1,0.0388,0.0608,0.0588,0.1363,0.1972,0.2269,0.2304,0.2597,0.2731,0.1919,0.5934,0.332,0.2568,-0.5824,-0.0251,0.2495,1.4225
2024-12-30,Winter,S2A_44QPK_20241230_0_L2A,UG-Q1,Underground,Zone_B_50m,25,0.0574,0.0775,0.0935,0.1386,0.1923,0.2182,0.2145,0.2482,0.2721,0.1951,0.3984,0.2239,0.2105,-0.4685,-0.0447,0.2256,1.3981
2024-12-30,Winter,S2A_44QPK_20241230_0_L2A,UG-Q1,Underground,Zone_C_50m,81,0.0584,0.0809,0.1029,0.14,0.1889,0.2114,0.2156,0.2398,0.2741,0.2001,0.3591,0.2022,0.2089,-0.4537,-0.0656,0.2043,1.3722
2024-12-30,Winter,S2A_44QPK_20241230_0_L2A,UG-Q1,Underground,Zone_D_100m,317,0.0549,0.0774,0.0977,0.1395,0.1935,0.2166,0.2252,0.2445,0.273,0.1958,0.4061,0.2298,0.234,-0.4909,-0.0482,0.2214,1.4114
2024-12-30,Winter,S2A_44QPK_20241230_0_L2A,UG-Q2,Underground,Zone_A_10m,1,0.0326,0.0416,0.0461,0.1191,0.1963,0.2185,0.1642,0.2434,0.2282,0.1423,0.5616,0.2468,0.1593,-0.5957,0.0321,0.2944,1.6039
2024-12-30,Winter,S2A_44QPK_20241230_0_L2A,UG-Q2,Underground,Zone_B_50m,25,0.0463,0.0669,0.0724,0.1259,0.1911,0.2141,0.213,0.2389,0.2352,0.154,0.4951,0.2695,0.2535,-0.5204,0.0109,0.2643,1.5457
2024-12-30,Winter,S2A_44QPK_20241230_0_L2A,UG-Q2,Underground,Zone_C_50m,81,0.0552,0.0784,0.0927,0.1366,0.19,0.2116,0.2183,0.2355,0.2464,0.1707,0.4152,0.2329,0.2287,-0.475,-0.0185,0.2206,1.4669
2024-12-30,Winter,S2A_44QPK_20241230_0_L2A,UG-Q2,Underground,Zone_D_100m,317,0.062,0.0857,0.1053,0.1408,0.1912,0.2126,0.2215,0.2356,0.255,0.1823,0.3656,0.2114,0.2217,-0.4451,-0.0358,0.2068,1.4131
2024-12-30,Winter,S2A_44QPK_20241230_0_L2A,UG-Q3,Underground,Zone_A_10m,1,0.028,0.0399,0.0357,0.0832,0.1145,0.1371,0.1016,0.1463,0.1175,0.0722,0.48,0.149,0.0995,-0.436,0.109,0.2445,1.6269
2024-12-30,Winter,S2A_44QPK_20241230_0_L2A,UG-Q3,Underground,Zone_B_50m,25,0.0404,0.0567,0.0574,0.0921,0.1243,0.1417,0.1443,0.1497,0.1286,0.0858,0.3694,0.1757,0.1516,-0.3758,0.0623,0.1985,1.5358
2024-12-30,Winter,S2A_44QPK_20241230_0_L2A,UG-Q3,Underground,Zone_C_50m,81,0.0495,0.07,0.0787,0.1098,0.1435,0.1584,0.1586,0.168,0.1612,0.1186,0.3186,0.1568,0.1501,-0.359,0.0211,0.1784,1.4436
2024-12-30,Winter,S2A_44QPK_20241230_0_L2A,UG-Q3,Underground,Zone_D_100m,317,0.06,0.0843,0.1005,0.1285,0.1733,0.1905,0.1962,0.2054,0.207,0.1541,0.3256,0.1774,0.1894,-0.3872,0.0069,0.1948,1.4242
2024-12-30,Winter,S2A_44QPK_20241230_0_L2A,UG-Q4,Underground,Zone_A_10m,1,0.0403,0.0618,0.0614,0.1017,0.1827,0.2023,0.2313,0.2235,0.1807,0.1119,0.5805,0.3274,0.389,-0.5783,0.1059,0.3308,1.6152
2024-12-30,Winter,S2A_44QPK_20241230_0_L2A,UG-Q4,Underground,Zone_B_50m,25,0.0387,0.0602,0.056,0.0993,0.1736,0.1969,0.2156,0.218,0.1736,0.1065,0.583,0.3148,0.36,-0.5597,0.114,0.329,1.6471
2024-12-30,Winter,S2A_44QPK_20241230_0_L2A,UG-Q4,Underground,Zone_C_50m,81,0.039,0.0579,0.0536,0.0965,0.1741,0.1975,0.2026,0.2172,0.1692,0.1031,0.5761,0.3005,0.345,-0.5508,0.1248,0.344,1.661
2024-12-30,Winter,S2A_44QPK_20241230_0_L2A,UG-Q4,Underground,Zone_D_100m,317,0.0499,0.068,0.0705,0.1087,0.175,0.1971,0.205,0.2169,0.1949,0.1352,0.4933,0.2686,0.3027,-0.5017,0.0578,0.2909,1.4812
2024-12-30,Winter,S2A_44QPK_20241230_0_L2A,UG-Q5,Underground,Zone_A_10m,1,0.0594,0.0764,0.0868,0.1052,0.1736,0.1991,0.1949,0.2209,0.1828,0.1197,0.3837,0.2128,0.2989,-0.4368,0.0943,0.3087,1.5279
2024-12-30,Winter,S2A_44QPK_20241230_0_L2A,UG-Q5,Underground,Zone_B_50m,25,0.046,0.0648,0.0621,0.1003,0.1811,0.2059,0.2124,0.2268,0.1772,0.1104,0.5419,0.3022,0.3511,-0.5249,0.1224,0.3441,1.6287
2024-12-30,Winter,S2A_44QPK_20241230_0_L2A,UG-Q5,Underground,Zone_C_50m,81,0.0392,0.0603,0.0521,0.0998,0.1915,0.2186,0.2248,0.2401,0.1728,0.1007,0.6201,0.3469,0.3801,-0.572,0.1623,0.3721,1.7667
2024-12-30,Winter,S2A_44QPK_20241230_0_L2A,UG-Q5,Underground,Zone_D_100m,317,0.0352,0.0586,0.047,0.1022,0.1987,0.2266,0.2352,0.2504,0.1704,0.0924,0.665,0.3751,0.3919,-0.5981,0.1917,0.3794,1.897
2024-12-30,Winter,S2A_44QPK_20241230_0_L2A,OC-Q1,Opencast,Zone_A_10m,1,0.0278,0.0348,0.029,0.0618,0.1583,0.1871,0.1556,0.2067,0.1192,0.0557,0.6858,0.2823,0.4313,-0.6345,0.2685,0.5033,2.1412
2024-12-30,Winter,S2A_44QPK_20241230_0_L2A,OC-Q1,Opencast,Zone_B_50m,25,0.0296,0.0393,0.0305,0.0617,0.1592,0.1867,0.1934,0.207,0.1216,0.0585,0.7249,0.3518,0.512,-0.6593,0.2592,0.5032,2.0829
2024-12-30,Winter,S2A_44QPK_20241230_0_L2A,OC-Q1,Opencast,Zone_C_50m,81,0.0298,0.0396,0.0315,0.0631,0.1579,0.1849,0.1944,0.2053,0.1249,0.0622,0.7187,0.3504,0.5055,-0.6588,0.2433,0.4901,2.0146
2024-12-30,Winter,S2A_44QPK_20241230_0_L2A,OC-Q1,Opencast,Zone_D_100m,317,0.0313,0.0409,0.034,0.0632,0.1439,0.167,0.173,0.1848,0.125,0.0681,0.6588,0.3017,0.4498,-0.6061,0.1861,0.4449,1.8588
2024-12-30,Winter,S2A_44QPK_20241230_0_L2A,OC-Q2,Opencast,Zone_A_10m,1,0.0579,0.0732,0.0802,0.1017,0.1546,0.1745,0.2132,0.18,0.17,0.1263,0.4533,0.2639,0.3541,-0.4888,0.0286,0.2636,1.3465
2024-12-30,Winter,S2A_44QPK_20241230_0_L2A,OC-Q2,Opencast,Zone_B_50m,25,0.0524,0.0659,0.0646,0.0993,0.151,0.1693,0.1796,0.1801,0.1694,0.1254,0.4691,0.2448,0.281,-0.4585,0.028,0.2579,1.3554
2024-12-30,Winter,S2A_44QPK_20241230_0_L2A,OC-Q2,Opencast,Zone_C_50m,81,0.0525,0.0655,0.066,0.0965,0.1465,0.1637,0.1727,0.1782,0.1695,0.1241,0.4431,0.2248,0.2732,-0.4437,0.0211,0.2546,1.3748
2024-12-30,Winter,S2A_44QPK_20241230_0_L2A,OC-Q2,Opencast,Zone_D_100m,317,0.0529,0.0661,0.0688,0.0988,0.1464,0.1635,0.1683,0.1784,0.1768,0.1285,0.4115,0.2075,0.2489,-0.4254,0.0027,0.2416,1.3782
2024-12-30,Winter,S2A_44QPK_20241230_0_L2A,OC-Q3,Opencast,Zone_A_10m,1,0.0824,0.1064,0.1216,0.1834,0.1883,0.2025,0.2173,0.2209,0.294,0.28,0.2824,0.18,0.0846,-0.3426,-0.142,0.0494,1.0499
2024-12-30,Winter,S2A_44QPK_20241230_0_L2A,OC-Q3,Opencast,Zone_B_50m,25,0.0827,0.1079,0.1309,0.1571,0.1839,0.1963,0.2008,0.2131,0.2681,0.2306,0.2353,0.1301,0.1175,-0.324,-0.1115,0.1151,1.197
2024-12-30,Winter,S2A_44QPK_20241230_0_L2A,OC-Q3,Opencast,Zone_C_50m,81,0.0678,0.0924,0.1122,0.1469,0.1813,0.1954,0.1959,0.2107,0.256,0.1983,0.288,0.1568,0.1429,-0.3696,-0.093,0.1456,1.3271
2024-12-30,Winter,S2A_44QPK_20241230_0_L2A,OC-Q3,Opencast,Zone_D_100m,317,0.0659,0.0924,0.1154,0.151,0.1867,0.2021,0.2046,0.2175,0.2636,0.1915,0.2922,0.1625,0.1525,-0.385,-0.0932,0.1486,1.3971
2024-12-30,Winter,S2A_44QPK_20241230_0_L2A,OC-Q4,Opencast,Zone_A_10m,1,0.0318,0.0484,0.0353,0.0885,0.1797,0.2128,0.2322,0.2301,0.1764,0.0865,0.7361,0.4083,0.4481,-0.655,0.1322,0.4125,2.0381
2024-12-30,Winter,S2A_44QPK_20241230_0_L2A,OC-Q4,Opencast,Zone_B_50m,25,0.0301,0.0469,0.0364,0.0898,0.1748,0.2016,0.2067,0.2263,0.1826,0.0954,0.6985,0.3547,0.3925,-0.6293,0.1078,0.3836,1.9383
2024-12-30,Winter,S2A_44QPK_20241230_0_L2A,OC-Q4,Opencast,Zone_C_50m,81,0.0329,0.0508,0.0434,0.0938,0.1702,0.195,0.2021,0.2204,0.1938,0.1085,0.6421,0.3269,0.3622,-0.5945,0.0655,0.3482,1.844
2024-12-30,Winter,S2A_44QPK_20241230_0_L2A,OC-Q4,Opencast,Zone_D_100m,317,0.0361,0.0549,0.052,0.1001,0.1701,0.193,0.2014,0.2189,0.2077,0.1235,0.5872,0.3023,0.3312,-0.567,0.0279,0.3133,1.7633
2024-12-30,Winter,S2A_44QPK_20241230_0_L2A,OC-Q5,Opencast,Zone_A_10m,1,0.0426,0.062,0.0718,0.1171,0.1653,0.1863,0.1967,0.2091,0.2354,0.1544,0.4652,0.2387,0.2537,-0.5207,-0.059,0.228,1.5247
2024-12-30,Winter,S2A_44QPK_20241230_0_L2A,OC-Q5,Opencast,Zone_B_50m,25,0.045,0.0622,0.0758,0.119,0.1661,0.1852,0.1918,0.2111,0.2381,0.1565,0.4362,0.2217,0.2336,-0.511,-0.0588,0.2182,1.5261
2024-12-30,Winter,S2A_44QPK_20241230_0_L2A,OC-Q5,Opencast,Zone_C_50m,81,0.0457,0.0644,0.0768,0.1203,0.1659,0.1854,0.197,0.2123,0.2391,0.1575,0.4416,0.2288,0.2409,-0.5079,-0.0581,0.2135,1.5263
2024-12-30,Winter,S2A_44QPK_20241230_0_L2A,OC-Q5,Opencast,Zone_D_100m,317,0.0456,0.0644,0.0746,0.1187,0.1671,0.1866,0.1962,0.2125,0.2345,0.1548,0.454,0.2343,0.2454,-0.5065,-0.0454,0.2238,1.5313
